Customer ID,Customer Name,Email,Region,Tier,Signup Date,Credit Score
CUST-0001,Linda Smith,linda.smith1@example.com,East,Bronze,2021-05-23,717.0
CUST-0002,Michael Perez,michael.perez2@example.com,Central,Bronze,2022-03-09,669.0
CUST-0003,Robert Smith,robert.smith3@example.com,North,Bronze,2022-06-02,728.0
CUST-0004,Joshua Smith,joshua.smith4@example.com,Central,Bronze,2022-10-28,794.0
CUST-0005,Paul Wilson,paul.wilson5@example.com,South,Bronze,2021-10-12,662.0
CUST-0006,James Harris,james.harris6@example.com,South,Silver,2021-12-15,662.0
CUST-0007,Sarah Jones,sarah.jones7@example.com,South,Platinum,2021-12-11,798.0
CUST-0008,Michael Williams,michael.williams8@example.com,West,Bronze,2023-05-18,737.0
CUST-0009,Daniel Martin,daniel.martin9@example.com,East,Gold,2023-01-18,644.0
CUST-0010,Sandra Moore,sandra.moore10@example.com,North,Platinum,2022-01-23,720.0
CUST-0011,Jennifer Moore,jennifer.moore11@example.com,East,Gold,2022-09-26,645.0
CUST-0012,Lisa Jackson,lisa.jackson12@example.com,,Silver,2021-02-16,645.0
CUST-0013,Joseph Harris,joseph.harris13@example.com,East,Platinum,2023-05-26,698.0
CUST-0014,Joseph Ramirez,joseph.ramirez14@example.com,North,Bronze,2022-04-10,536.0
CUST-0015,Lisa Garcia,lisa.garcia15@example.com,East,Bronze,2022-11-18,550.0
CUST-0016,Sarah Thompson,sarah.thompson16@example.com,North,Silver,2021-06-25,637.0
CUST-0017,Paul White,paul.white17@example.com,South,Bronze,2022-01-24,604.0
CUST-0018,Sarah Robinson,sarah.robinson18@example.com,Central,Bronze,2021-11-29,703.0
CUST-0019,Patricia Davis,patricia.davis19@example.com,North,Gold,2022-02-15,611.0
CUST-0020,Sarah Williams,sarah.williams20@example.com,South,Gold,2022-08-04,574.0
CUST-0021,Christopher Miller,christopher.miller21@example.com,West,Bronze,2023-07-26,789.0
CUST-0022,Sandra Jones,sandra.jones22@example.com,East,Bronze,2023-02-02,663.0
CUST-0023,Emily Moore,emily.moore23@example.com,East,Silver,2022-03-15,685.0
CUST-0024,Donna Gonzalez,donna.gonzalez24@example.com,East,Bronze,2021-05-22,573.0
CUST-0025,Steven Thomas,steven.thomas25@example.com,North,Gold,2023-06-01,639.0
CUST-0026,Linda Jones,linda.jones26@example.com,South,Gold,2022-03-09,688.0
CUST-0027,Joshua Williams,joshua.williams27@example.com,West,Bronze,2022-04-25,593.0
CUST-0028,Kimberly Rodriguez,kimberly.rodriguez28@example.com,Central,Gold,2021-01-12,708.0
CUST-0029,Linda Perez,linda.perez29@example.com,Central,Gold,2023-02-27,634.0
CUST-0030,Nancy Brown,nancy.brown30@example.com,East,Bronze,2022-04-10,658.0
CUST-0031,James Walker,james.walker31@example.com,East,Platinum,2023-02-20,634.0
CUST-0032,Barbara Taylor,barbara.taylor32@example.com,North,Gold,2021-11-02,818.0
CUST-0033,Steven Martin,steven.martin33@example.com,South,Bronze,2023-02-20,678.0
CUST-0034,William Moore,william.moore34@example.com,Central,Gold,2022-09-06,600.0
CUST-0035,Christopher Thomas,christopher.thomas35@example.com,North,Bronze,2022-01-07,741.0
CUST-0036,Karen Davis,karen.davis36@example.com,North,Bronze,2022-08-04,588.0
CUST-0037,Jennifer Williams,jennifer.williams37@example.com,West,Gold,2023-02-18,695.0
CUST-0038,Paul Harris,paul.harris38@example.com,South,Bronze,2022-05-02,533.0
CUST-0039,Emily Garcia,emily.garcia39@example.com,East,Silver,2022-09-14,580.0
CUST-0040,Margaret Walker,margaret.walker40@example.com,South,Gold,2023-02-13,694.0
CUST-0041,Richard Thompson,richard.thompson41@example.com,East,Bronze,2022-11-19,735.0
CUST-0042,Lisa Anderson,lisa.anderson42@example.com,Central,Silver,2021-09-11,692.0
CUST-0043,Joseph Williams,joseph.williams43@example.com,East,Bronze,2022-07-22,671.0
CUST-0044,Joseph Jackson,joseph.jackson44@example.com,South,Bronze,2022-12-26,657.0
CUST-0045,Patricia Davis,patricia.davis45@example.com,North,Gold,2023-05-31,
CUST-0046,Nancy Williams,nancy.williams46@example.com,Central,Bronze,2022-11-17,626.0
CUST-0047,Ashley Miller,ashley.miller47@example.com,Central,Bronze,2023-08-16,645.0
CUST-0048,Andrew Jackson,andrew.jackson48@example.com,West,Bronze,2022-04-30,759.0
CUST-0049,Anthony Miller,anthony.miller49@example.com,North,Bronze,2022-03-18,705.0
CUST-0050,Daniel Wilson,daniel.wilson50@example.com,West,Silver,2023-01-17,547.0
CUST-0051,Patricia Perez,patricia.perez51@example.com,North,Bronze,2023-01-16,704.0
CUST-0052,Nancy Sanchez,nancy.sanchez52@example.com,North,Bronze,2021-07-14,651.0
CUST-0053,Paul Anderson,paul.anderson53@example.com,South,Bronze,2021-10-13,629.0
CUST-0054,Sandra Davis,sandra.davis54@example.com,North,Bronze,2023-06-02,725.0
CUST-0055,Emily Brown,emily.brown55@example.com,North,Silver,2022-07-08,757.0
CUST-0056,James Williams,james.williams56@example.com,South,Bronze,2022-05-13,749.0
CUST-0057,Donald Miller,donald.miller57@example.com,West,Gold,2021-06-18,617.0
CUST-0058,Matthew Smith,matthew.smith58@example.com,West,Bronze,2023-03-14,656.0
CUST-0059,Sandra Martinez,sandra.martinez59@example.com,West,Silver,2023-01-19,704.0
CUST-0060,Emily Perez,emily.perez60@example.com,West,Bronze,2021-10-31,753.0
CUST-0061,Susan Walker,susan.walker61@example.com,North,Silver,2022-07-10,644.0
CUST-0062,Patricia White,patricia.white62@example.com,East,Bronze,2022-08-22,666.0
CUST-0063,Donald Taylor,donald.taylor63@example.com,Central,Bronze,2023-09-11,597.0
CUST-0064,Steven Williams,steven.williams64@example.com,South,Bronze,2021-03-11,590.0
CUST-0065,Jessica Gonzalez,jessica.gonzalez65@example.com,North,Platinum,2022-08-07,740.0
CUST-0066,Jessica Jackson,jessica.jackson66@example.com,Central,Bronze,2021-03-25,781.0
CUST-0067,Anthony Perez,anthony.perez67@example.com,Central,Silver,2021-11-20,674.0
CUST-0068,Thomas Miller,thomas.miller68@example.com,East,Bronze,2022-02-10,755.0
CUST-0069,David Perez,david.perez69@example.com,East,Silver,2023-08-10,707.0
CUST-0070,John Smith,john.smith70@example.com,West,Silver,2022-07-31,631.0
CUST-0071,Michael Williams,michael.williams71@example.com,Central,Bronze,2021-09-29,707.0
CUST-0072,David Robinson,david.robinson72@example.com,East,Gold,2023-06-20,795.0
CUST-0073,Jessica Lopez,jessica.lopez73@example.com,East,Bronze,2023-05-04,677.0
CUST-0074,Paul Thompson,paul.thompson74@example.com,East,Silver,2023-04-07,797.0
CUST-0075,Kimberly Smith,kimberly.smith75@example.com,Central,Bronze,2022-11-11,483.0
CUST-0076,Michael Walker,michael.walker76@example.com,South,Bronze,2023-07-01,741.0
CUST-0077,Michael White,michael.white77@example.com,Central,Bronze,2021-10-16,686.0
CUST-0078,Joshua Miller,joshua.miller78@example.com,East,Bronze,2022-10-12,657.0
CUST-0079,Thomas Taylor,thomas.taylor79@example.com,West,Bronze,2023-07-19,686.0
CUST-0080,Patricia Williams,patricia.williams80@example.com,West,Gold,2021-02-15,530.0
CUST-0081,James Hernandez,james.hernandez81@example.com,South,Silver,2021-09-26,663.0
CUST-0082,William White,william.white82@example.com,West,Silver,2022-03-14,706.0
CUST-0083,Emily Smith,emily.smith83@example.com,North,Bronze,2023-06-24,790.0
CUST-0084,Elizabeth Moore,elizabeth.moore84@example.com,North,Gold,2022-08-20,641.0
CUST-0085,Emily Jones,emily.jones85@example.com,,Bronze,2021-11-12,619.0
CUST-0086,Lisa Lewis,lisa.lewis86@example.com,North,Gold,2021-08-04,642.0
CUST-0087,Jessica Perez,jessica.perez87@example.com,North,Bronze,2022-07-28,748.0
CUST-0088,Anthony Martin,anthony.martin88@example.com,South,Gold,2021-08-31,704.0
CUST-0089,William Sanchez,william.sanchez89@example.com,South,Gold,2021-01-26,640.0
CUST-0090,Barbara White,barbara.white90@example.com,East,Gold,2022-02-26,718.0
CUST-0091,Jessica Rodriguez,jessica.rodriguez91@example.com,South,Gold,2021-04-21,687.0
CUST-0092,Matthew Ramirez,matthew.ramirez92@example.com,North,Gold,2021-08-16,752.0
CUST-0093,Richard Clark,richard.clark93@example.com,West,Bronze,2023-04-21,627.0
CUST-0094,Joseph Davis,joseph.davis94@example.com,North,Silver,2022-02-13,655.0
CUST-0095,Nancy Rodriguez,nancy.rodriguez95@example.com,North,Platinum,2021-10-13,650.0
CUST-0096,Daniel Lee,daniel.lee96@example.com,Central,Bronze,2023-05-14,570.0
CUST-0097,Paul Hernandez,paul.hernandez97@example.com,North,Bronze,2023-09-21,702.0
CUST-0098,Thomas Garcia,thomas.garcia98@example.com,Central,Platinum,2021-09-29,699.0
CUST-0099,Robert Brown,robert.brown99@example.com,Central,Bronze,2023-01-17,680.0
CUST-0100,Christopher Wilson,christopher.wilson100@example.com,Central,Platinum,2021-04-29,662.0
CUST-0101,Matthew Lewis,matthew.lewis101@example.com,Central,Bronze,2021-02-15,573.0
CUST-0102,Margaret Smith,margaret.smith102@example.com,Central,Gold,2022-07-06,648.0
CUST-0103,Richard Lopez,richard.lopez103@example.com,West,Bronze,2022-11-12,654.0
CUST-0104,Nancy Martin,nancy.martin104@example.com,East,Silver,2021-05-08,619.0
CUST-0105,Karen Taylor,karen.taylor105@example.com,East,Silver,2021-12-01,667.0
CUST-0106,Betty Thompson,betty.thompson106@example.com,East,Silver,2021-07-16,710.0
CUST-0107,Anthony Perez,anthony.perez107@example.com,West,Silver,2023-07-14,821.0
CUST-0108,Barbara Martin,barbara.martin108@example.com,Central,Bronze,2022-07-16,693.0
CUST-0109,James Martinez,james.martinez109@example.com,East,Bronze,2023-03-16,699.0
CUST-0110,Donna Martin,donna.martin110@example.com,East,Silver,2022-03-29,674.0
CUST-0111,Susan Taylor,susan.taylor111@example.com,West,Gold,2023-09-10,536.0
CUST-0112,William Perez,william.perez112@example.com,North,Bronze,2022-11-11,678.0
CUST-0113,Michelle Hernandez,michelle.hernandez113@example.com,North,Gold,2023-02-09,684.0
CUST-0114,Jessica Perez,jessica.perez114@example.com,East,Bronze,2021-07-23,850.0
CUST-0115,Elizabeth Smith,elizabeth.smith115@example.com,North,Bronze,2022-05-02,665.0
CUST-0116,Michelle Ramirez,michelle.ramirez116@example.com,North,Silver,2023-06-27,702.0
CUST-0117,Andrew Miller,andrew.miller117@example.com,West,Silver,2021-09-07,677.0
CUST-0118,Elizabeth Lee,elizabeth.lee118@example.com,North,Gold,2023-06-01,592.0
CUST-0119,Michael Harris,michael.harris119@example.com,West,Bronze,2023-04-04,765.0
CUST-0120,Kimberly Anderson,kimberly.anderson120@example.com,North,Silver,2023-07-29,736.0
CUST-0121,Linda Anderson,linda.anderson121@example.com,South,Gold,2022-11-15,739.0
CUST-0122,Kimberly Moore,kimberly.moore122@example.com,Central,Bronze,2023-02-13,611.0
CUST-0123,Mark Martin,mark.martin123@example.com,Central,Bronze,2023-07-18,785.0
CUST-0124,Emily Anderson,emily.anderson124@example.com,South,Silver,2022-05-02,574.0
CUST-0125,Mark Rodriguez,mark.rodriguez125@example.com,South,Gold,2021-10-11,724.0
CUST-0126,Kimberly Thomas,kimberly.thomas126@example.com,South,Bronze,2021-03-21,844.0
CUST-0127,Charles Davis,charles.davis127@example.com,East,Bronze,2023-07-04,605.0
CUST-0128,Paul Williams,paul.williams128@example.com,South,Bronze,2022-01-28,637.0
CUST-0129,Elizabeth Thompson,elizabeth.thompson129@example.com,South,Bronze,2022-02-22,687.0
CUST-0130,Nancy Moore,nancy.moore130@example.com,West,Bronze,2021-07-31,642.0
CUST-0131,Anthony Gonzalez,anthony.gonzalez131@example.com,Central,Platinum,2021-01-21,563.0
CUST-0132,Andrew Gonzalez,andrew.gonzalez132@example.com,West,Bronze,2021-12-27,685.0
CUST-0133,Karen Harris,karen.harris133@example.com,West,Gold,2023-09-04,600.0
CUST-0134,Anthony Moore,anthony.moore134@example.com,Central,Gold,2023-07-09,715.0
CUST-0135,Joseph Thomas,joseph.thomas135@example.com,South,Bronze,2022-05-13,611.0
CUST-0136,Mary Gonzalez,mary.gonzalez136@example.com,East,Silver,2023-03-29,796.0
CUST-0137,Betty White,betty.white137@example.com,South,Gold,2023-07-31,621.0
CUST-0138,David Martin,david.martin138@example.com,Central,Bronze,2022-02-08,655.0
CUST-0139,Donna Jackson,donna.jackson139@example.com,North,Bronze,2022-03-15,741.0
CUST-0140,David Ramirez,david.ramirez140@example.com,West,Bronze,2021-09-24,587.0
CUST-0141,Matthew Hernandez,matthew.hernandez141@example.com,South,Silver,2021-12-12,697.0
CUST-0142,Matthew Rodriguez,matthew.rodriguez142@example.com,West,Bronze,2021-03-25,778.0
CUST-0143,Donald Smith,donald.smith143@example.com,Central,Bronze,2023-09-02,559.0
CUST-0144,Daniel Davis,daniel.davis144@example.com,North,Gold,2022-10-30,693.0
CUST-0145,Robert Harris,robert.harris145@example.com,North,Platinum,2021-07-24,699.0
CUST-0146,Mary Martin,mary.martin146@example.com,South,Bronze,2022-04-30,738.0
CUST-0147,Linda Jackson,linda.jackson147@example.com,South,Silver,2021-09-20,587.0
CUST-0148,Lisa Garcia,lisa.garcia148@example.com,Central,Silver,2023-02-05,580.0
CUST-0149,Linda Harris,linda.harris149@example.com,South,Platinum,2021-04-21,719.0
CUST-0150,Donna Smith,donna.smith150@example.com,East,Silver,2023-07-19,702.0
CUST-0151,Matthew Gonzalez,matthew.gonzalez151@example.com,South,Bronze,2022-12-09,698.0
CUST-0152,Jessica Brown,jessica.brown152@example.com,East,Gold,2022-09-07,705.0
CUST-0153,Linda Sanchez,linda.sanchez153@example.com,Central,Gold,2021-12-22,628.0
CUST-0154,Paul Wilson,paul.wilson154@example.com,East,Bronze,2022-10-26,697.0
CUST-0155,Nancy Smith,nancy.smith155@example.com,West,Gold,2021-04-19,701.0
CUST-0156,Margaret Walker,margaret.walker156@example.com,East,Silver,2023-04-29,626.0
CUST-0157,Sandra Thompson,sandra.thompson157@example.com,South,Bronze,2023-01-22,819.0
CUST-0158,Kimberly Walker,kimberly.walker158@example.com,East,Silver,2023-07-31,715.0
CUST-0159,Paul Harris,paul.harris159@example.com,West,Silver,2023-04-26,590.0
CUST-0160,Donna Rodriguez,donna.rodriguez160@example.com,East,Gold,2023-05-01,
CUST-0161,Jennifer Rodriguez,jennifer.rodriguez161@example.com,West,Bronze,2022-04-21,606.0
CUST-0162,Andrew Martin,andrew.martin162@example.com,West,Bronze,2022-05-22,739.0
CUST-0163,Christopher Garcia,christopher.garcia163@example.com,West,Bronze,2023-03-28,766.0
CUST-0164,Thomas Hernandez,thomas.hernandez164@example.com,East,Gold,2022-12-20,618.0
CUST-0165,Sarah Moore,sarah.moore165@example.com,North,Silver,2021-07-15,752.0
CUST-0166,Jennifer Davis,jennifer.davis166@example.com,West,Silver,2023-02-16,710.0
CUST-0167,Jessica Thompson,jessica.thompson167@example.com,West,Silver,2022-05-18,741.0
CUST-0168,Mark Sanchez,mark.sanchez168@example.com,North,Bronze,2021-08-15,822.0
CUST-0169,Betty Thompson,betty.thompson169@example.com,South,Bronze,2022-08-19,661.0
CUST-0170,Lisa Thomas,lisa.thomas170@example.com,Central,Silver,2022-03-12,623.0
CUST-0171,Emily Hernandez,emily.hernandez171@example.com,East,Silver,2021-10-05,613.0
CUST-0172,Karen Rodriguez,karen.rodriguez172@example.com,South,Bronze,2021-07-17,618.0
CUST-0173,Christopher Brown,christopher.brown173@example.com,Central,Platinum,2022-12-08,674.0
CUST-0174,Barbara Miller,barbara.miller174@example.com,South,Silver,2021-10-11,705.0
CUST-0175,Donna Harris,donna.harris175@example.com,Central,Silver,2021-04-13,700.0
CUST-0176,Richard Martinez,richard.martinez176@example.com,South,Bronze,2021-11-06,742.0
CUST-0177,James Thompson,james.thompson177@example.com,Central,Bronze,2021-02-16,680.0
CUST-0178,Patricia Moore,patricia.moore178@example.com,East,Silver,2021-05-10,789.0
CUST-0179,Ashley Brown,ashley.brown179@example.com,North,Silver,2022-04-26,660.0
CUST-0180,Donald Anderson,donald.anderson180@example.com,East,Bronze,2021-02-22,850.0
CUST-0181,Thomas Walker,thomas.walker181@example.com,West,Bronze,2021-03-08,726.0
CUST-0182,Betty Thomas,betty.thomas182@example.com,North,Silver,2022-12-04,615.0
CUST-0183,Patricia Jones,patricia.jones183@example.com,South,Gold,2023-08-30,599.0
CUST-0184,Karen Williams,karen.williams184@example.com,South,Bronze,2023-02-22,716.0
CUST-0185,Anthony Martin,anthony.martin185@example.com,Central,Gold,2021-08-20,663.0
CUST-0186,Kimberly Gonzalez,kimberly.gonzalez186@example.com,West,Gold,2021-11-01,733.0
CUST-0187,Donna Wilson,donna.wilson187@example.com,East,Silver,2021-03-03,715.0
CUST-0188,Michelle Walker,michelle.walker188@example.com,North,Platinum,2021-08-01,674.0
CUST-0189,Susan Rodriguez,susan.rodriguez189@example.com,North,Bronze,2021-06-27,616.0
CUST-0190,Emily Williams,emily.williams190@example.com,South,Bronze,2022-04-07,566.0
CUST-0191,Joshua Thomas,joshua.thomas191@example.com,East,Bronze,2021-10-23,646.0
CUST-0192,Charles Thompson,charles.thompson192@example.com,West,Bronze,2021-08-28,744.0
CUST-0193,Thomas Sanchez,thomas.sanchez193@example.com,Central,Silver,2023-08-15,696.0
CUST-0194,Richard Wilson,richard.wilson194@example.com,North,Silver,2022-10-26,586.0
CUST-0195,Elizabeth Robinson,elizabeth.robinson195@example.com,East,Gold,2021-03-15,692.0
CUST-0196,Patricia Garcia,patricia.garcia196@example.com,East,Silver,2023-04-25,708.0
CUST-0197,Andrew Robinson,andrew.robinson197@example.com,East,Bronze,2022-04-25,613.0
CUST-0198,Karen Thompson,karen.thompson198@example.com,West,Platinum,2022-05-28,691.0
CUST-0199,Paul Thomas,paul.thomas199@example.com,West,Bronze,2021-02-10,684.0
CUST-0200,Margaret White,margaret.white200@example.com,East,Silver,2021-01-27,594.0
CUST-0201,Jennifer Davis,jennifer.davis201@example.com,Central,Silver,2021-01-22,706.0
CUST-0202,Sarah Jackson,sarah.jackson202@example.com,North,Gold,2021-06-29,722.0
CUST-0203,Donald Taylor,donald.taylor203@example.com,West,Gold,2021-07-05,761.0
CUST-0204,Donna Wilson,donna.wilson204@example.com,West,Platinum,2022-04-27,759.0
CUST-0205,Daniel Wilson,daniel.wilson205@example.com,East,Bronze,2021-04-18,576.0
CUST-0206,William Hernandez,william.hernandez206@example.com,West,Silver,2021-10-23,609.0
CUST-0207,Betty Clark,betty.clark207@example.com,Central,Bronze,2021-04-01,718.0
CUST-0208,Christopher Rodriguez,christopher.rodriguez208@example.com,East,Bronze,2023-03-03,718.0
CUST-0209,Betty Ramirez,betty.ramirez209@example.com,Central,Gold,2021-01-02,718.0
CUST-0210,Paul Anderson,paul.anderson210@example.com,West,Bronze,2022-06-15,850.0
CUST-0211,Lisa Martin,lisa.martin211@example.com,West,Silver,2023-02-18,722.0
CUST-0212,Patricia Miller,patricia.miller212@example.com,East,Silver,2023-08-08,765.0
CUST-0213,Charles Anderson,charles.anderson213@example.com,West,Bronze,2023-09-24,751.0
CUST-0214,Joshua Sanchez,joshua.sanchez214@example.com,South,Silver,2021-11-15,728.0
CUST-0215,Emily Smith,emily.smith215@example.com,Central,Bronze,2021-08-19,656.0
CUST-0216,Linda Anderson,linda.anderson216@example.com,North,Silver,2021-06-07,736.0
CUST-0217,Ashley Robinson,ashley.robinson217@example.com,East,Silver,2021-10-07,622.0
CUST-0218,Anthony Clark,anthony.clark218@example.com,West,Platinum,2021-09-07,662.0
CUST-0219,Sandra Moore,sandra.moore219@example.com,South,Bronze,2023-08-02,643.0
CUST-0220,Joshua Taylor,joshua.taylor220@example.com,South,Gold,2021-10-10,686.0
CUST-0221,Anthony Hernandez,anthony.hernandez221@example.com,Central,Bronze,2021-01-03,850.0
CUST-0222,Charles White,charles.white222@example.com,East,Gold,2022-08-17,539.0
CUST-0223,Ashley Ramirez,ashley.ramirez223@example.com,South,Bronze,2022-05-11,731.0
CUST-0224,Daniel Hernandez,daniel.hernandez224@example.com,Central,Gold,2022-01-22,559.0
CUST-0225,Sandra Robinson,sandra.robinson225@example.com,East,Gold,2022-12-16,644.0
CUST-0226,Jessica Jackson,jessica.jackson226@example.com,West,Bronze,2023-03-06,761.0
CUST-0227,Anthony Johnson,anthony.johnson227@example.com,East,Silver,2022-12-24,684.0
CUST-0228,Matthew Gonzalez,matthew.gonzalez228@example.com,South,Silver,2021-02-07,599.0
CUST-0229,David Taylor,david.taylor229@example.com,Central,Bronze,2021-04-13,626.0
CUST-0230,Mark Brown,mark.brown230@example.com,,Gold,2021-01-16,730.0
CUST-0231,Elizabeth Wilson,elizabeth.wilson231@example.com,South,Bronze,2023-03-12,625.0
CUST-0232,Thomas Hernandez,thomas.hernandez232@example.com,Central,Silver,2022-10-28,696.0
CUST-0233,Jennifer Ramirez,jennifer.ramirez233@example.com,East,Gold,2023-05-30,683.0
CUST-0234,Paul Gonzalez,paul.gonzalez234@example.com,East,Silver,2023-06-28,631.0
CUST-0235,Ashley Ramirez,ashley.ramirez235@example.com,Central,Bronze,2021-03-12,840.0
CUST-0236,Jessica Lee,jessica.lee236@example.com,East,Platinum,2023-02-04,727.0
CUST-0237,Jennifer Wilson,jennifer.wilson237@example.com,North,Gold,2022-12-22,528.0
CUST-0238,Michael Anderson,michael.anderson238@example.com,South,Silver,2023-07-15,693.0
CUST-0239,Mary Johnson,mary.johnson239@example.com,East,Gold,2021-10-28,630.0
CUST-0240,Daniel Lopez,daniel.lopez240@example.com,West,Bronze,2022-06-28,743.0
CUST-0241,Anthony Jackson,anthony.jackson241@example.com,South,Bronze,2021-03-22,620.0
CUST-0242,Michelle Ramirez,michelle.ramirez242@example.com,West,Silver,2021-09-04,671.0
CUST-0243,Ashley Robinson,ashley.robinson243@example.com,Central,Bronze,2022-04-18,717.0
CUST-0244,Thomas Anderson,thomas.anderson244@example.com,East,Silver,2023-07-10,744.0
CUST-0245,Sandra Lewis,sandra.lewis245@example.com,East,Silver,2021-06-11,589.0
CUST-0246,John Anderson,john.anderson246@example.com,East,Platinum,2021-11-03,654.0
CUST-0247,Margaret Thompson,margaret.thompson247@example.com,East,Silver,2021-11-06,644.0
CUST-0248,Richard Gonzalez,richard.gonzalez248@example.com,West,Bronze,2022-01-26,631.0
CUST-0249,Andrew Lopez,andrew.lopez249@example.com,Central,Bronze,2022-12-18,812.0
CUST-0250,Charles Smith,charles.smith250@example.com,West,Bronze,2022-08-03,710.0
CUST-0251,Patricia Robinson,patricia.robinson251@example.com,Central,Silver,2023-05-03,585.0
CUST-0252,Charles Harris,charles.harris252@example.com,South,Silver,2021-12-27,748.0
CUST-0253,Joseph Lee,joseph.lee253@example.com,South,Silver,2022-11-26,839.0
CUST-0254,David Lee,david.lee254@example.com,North,Gold,2022-10-24,757.0
CUST-0255,Robert Martinez,robert.martinez255@example.com,West,Bronze,2022-01-09,566.0
CUST-0256,David Williams,david.williams256@example.com,East,Bronze,2022-03-02,643.0
CUST-0257,Barbara Miller,barbara.miller257@example.com,South,Gold,2023-06-17,775.0
CUST-0258,Lisa Taylor,lisa.taylor258@example.com,Central,Gold,2023-05-01,626.0
CUST-0259,William Rodriguez,william.rodriguez259@example.com,West,Platinum,2021-10-30,713.0
CUST-0260,Nancy Sanchez,nancy.sanchez260@example.com,North,Silver,2021-03-19,738.0
CUST-0261,Elizabeth Harris,elizabeth.harris261@example.com,South,Gold,2023-01-12,610.0
CUST-0262,Betty Walker,betty.walker262@example.com,Central,Bronze,2023-03-21,675.0
CUST-0263,Betty Smith,betty.smith263@example.com,East,Silver,2022-04-11,450.0
CUST-0264,Lisa Perez,lisa.perez264@example.com,East,Silver,2023-04-23,603.0
CUST-0265,Lisa Brown,lisa.brown265@example.com,South,Silver,2022-09-27,661.0
CUST-0266,Emily Hernandez,emily.hernandez266@example.com,Central,Bronze,2021-03-06,586.0
CUST-0267,Sandra Robinson,sandra.robinson267@example.com,East,Silver,2021-04-30,802.0
CUST-0268,David Johnson,david.johnson268@example.com,North,Bronze,2022-05-20,572.0
CUST-0269,Linda Brown,linda.brown269@example.com,South,Gold,2021-05-19,646.0
CUST-0270,Matthew Anderson,matthew.anderson270@example.com,East,Silver,2023-01-31,689.0
CUST-0271,Paul Wilson,paul.wilson271@example.com,Central,Silver,2021-06-08,788.0
CUST-0272,Anthony Lee,anthony.lee272@example.com,North,Gold,2022-09-23,572.0
CUST-0273,Anthony Walker,anthony.walker273@example.com,East,Bronze,2022-01-15,767.0
CUST-0274,Susan Anderson,susan.anderson274@example.com,West,Platinum,2023-05-26,680.0
CUST-0275,Lisa Brown,lisa.brown275@example.com,East,Silver,2022-10-23,606.0
CUST-0276,Daniel Johnson,daniel.johnson276@example.com,West,Bronze,2023-09-19,714.0
CUST-0277,Linda Walker,linda.walker277@example.com,West,Bronze,2021-08-06,694.0
CUST-0278,Joshua Smith,joshua.smith278@example.com,North,Gold,2021-09-07,634.0
CUST-0279,David Sanchez,david.sanchez279@example.com,Central,Bronze,2023-04-30,685.0
CUST-0280,Emily Miller,emily.miller280@example.com,Central,Bronze,2023-06-10,651.0
CUST-0281,Joseph Hernandez,joseph.hernandez281@example.com,South,Gold,2022-09-03,688.0
CUST-0282,James Rodriguez,james.rodriguez282@example.com,South,Platinum,2022-07-08,729.0
CUST-0283,Thomas Sanchez,thomas.sanchez283@example.com,South,Bronze,2023-06-07,798.0
CUST-0284,Mary Jones,mary.jones284@example.com,North,Bronze,2023-03-19,587.0
CUST-0285,Jessica Jackson,jessica.jackson285@example.com,East,Bronze,2021-09-29,839.0
CUST-0286,Patricia Jones,patricia.jones286@example.com,West,Silver,2023-02-03,533.0
CUST-0287,John Thomas,john.thomas287@example.com,West,Gold,2022-06-10,668.0
CUST-0288,Donna Brown,donna.brown288@example.com,West,Silver,2023-08-27,724.0
CUST-0289,Michelle Johnson,michelle.johnson289@example.com,Central,Bronze,2022-10-21,701.0
CUST-0290,Mary Johnson,mary.johnson290@example.com,West,Gold,2022-03-13,633.0
CUST-0291,Michael Thomas,michael.thomas291@example.com,West,Bronze,2021-03-24,664.0
CUST-0292,Christopher Martin,christopher.martin292@example.com,South,Bronze,2021-10-09,643.0
CUST-0293,Michelle Lee,michelle.lee293@example.com,Central,Silver,2021-11-29,635.0
CUST-0294,Matthew Martin,matthew.martin294@example.com,Central,Bronze,2022-06-02,743.0
CUST-0295,Joshua Wilson,joshua.wilson295@example.com,North,Gold,2021-04-28,706.0
CUST-0296,Emily White,emily.white296@example.com,South,Bronze,2023-06-29,628.0
CUST-0297,Joseph Wilson,joseph.wilson297@example.com,East,Gold,2022-02-13,747.0
CUST-0298,Anthony White,anthony.white298@example.com,North,Bronze,2021-11-17,703.0
CUST-0299,Thomas Lopez,thomas.lopez299@example.com,South,Silver,2022-05-01,740.0
CUST-0300,John Williams,john.williams300@example.com,North,Bronze,2021-04-09,727.0
CUST-0301,Lisa Sanchez,lisa.sanchez301@example.com,South,Silver,2022-08-24,617.0
CUST-0302,Emily Moore,emily.moore302@example.com,East,Silver,2022-02-25,637.0
CUST-0303,Daniel Ramirez,daniel.ramirez303@example.com,West,Gold,2023-01-09,736.0
CUST-0304,Patricia Walker,patricia.walker304@example.com,East,Silver,2021-12-27,725.0
CUST-0305,Michael Jackson,michael.jackson305@example.com,Central,Bronze,2022-11-04,678.0
CUST-0306,Donald Davis,donald.davis306@example.com,North,Bronze,2022-07-24,688.0
CUST-0307,Lisa Brown,lisa.brown307@example.com,East,Silver,2023-04-07,775.0
CUST-0308,Margaret Ramirez,margaret.ramirez308@example.com,Central,Platinum,2023-04-19,635.0
CUST-0309,Michelle Martin,michelle.martin309@example.com,Central,Bronze,2023-08-10,721.0
CUST-0310,Sarah Smith,sarah.smith310@example.com,South,Bronze,2023-02-20,664.0
CUST-0311,Karen Robinson,karen.robinson311@example.com,East,Bronze,2021-07-05,663.0
CUST-0312,Elizabeth Jackson,elizabeth.jackson312@example.com,West,Bronze,2023-01-29,762.0
CUST-0313,Mary Williams,mary.williams313@example.com,Central,Bronze,2022-03-06,741.0
CUST-0314,Sandra Hernandez,sandra.hernandez314@example.com,South,Bronze,2023-01-09,741.0
CUST-0315,Christopher Harris,christopher.harris315@example.com,Central,Silver,2023-06-24,777.0
CUST-0316,Patricia Jones,patricia.jones316@example.com,South,Gold,2021-02-20,681.0
CUST-0317,Jennifer Rodriguez,jennifer.rodriguez317@example.com,West,Silver,2022-05-13,731.0
CUST-0318,Joshua Anderson,joshua.anderson318@example.com,West,Bronze,2023-02-13,656.0
CUST-0319,Steven Brown,steven.brown319@example.com,East,Bronze,2021-10-18,704.0
CUST-0320,Donna Thomas,donna.thomas320@example.com,Central,Silver,2021-02-16,670.0
CUST-0321,Joseph Gonzalez,joseph.gonzalez321@example.com,Central,Bronze,2021-07-29,687.0
CUST-0322,Karen Walker,karen.walker322@example.com,South,Gold,2023-02-22,724.0
CUST-0323,Thomas Martinez,thomas.martinez323@example.com,East,Bronze,2022-05-25,618.0
CUST-0324,Margaret Garcia,margaret.garcia324@example.com,South,Bronze,2022-12-22,836.0
CUST-0325,Joseph Taylor,joseph.taylor325@example.com,Central,Gold,2023-04-06,604.0
CUST-0326,Daniel Williams,daniel.williams326@example.com,West,Gold,2021-02-13,588.0
CUST-0327,Margaret Smith,margaret.smith327@example.com,West,Gold,2023-06-02,766.0
CUST-0328,Christopher Jackson,christopher.jackson328@example.com,West,Silver,2022-12-28,739.0
CUST-0329,Anthony Martinez,anthony.martinez329@example.com,North,Bronze,2023-09-17,726.0
CUST-0330,Christopher Garcia,christopher.garcia330@example.com,Central,Silver,2022-12-08,727.0
CUST-0331,Lisa Williams,lisa.williams331@example.com,West,Gold,2021-09-07,679.0
CUST-0332,Margaret Jackson,margaret.jackson332@example.com,West,Silver,2022-02-10,612.0
CUST-0333,Karen White,karen.white333@example.com,East,Bronze,2023-03-09,685.0
CUST-0334,William Williams,william.williams334@example.com,Central,Silver,2022-06-28,629.0
CUST-0335,Steven Miller,steven.miller335@example.com,East,Bronze,2023-09-09,753.0
CUST-0336,Elizabeth Davis,elizabeth.davis336@example.com,North,Bronze,2021-07-22,668.0
CUST-0337,Barbara Martin,barbara.martin337@example.com,South,Gold,2022-11-03,618.0
CUST-0338,John Garcia,john.garcia338@example.com,West,Silver,2022-08-01,655.0
CUST-0339,Donna Anderson,donna.anderson339@example.com,Central,Silver,2022-10-02,710.0
CUST-0340,Christopher Ramirez,christopher.ramirez340@example.com,East,Bronze,2021-03-11,637.0
CUST-0341,Donald Anderson,donald.anderson341@example.com,East,Gold,2022-08-29,618.0
CUST-0342,Patricia Lopez,patricia.lopez342@example.com,Central,Bronze,2022-04-18,698.0
CUST-0343,Mark Johnson,mark.johnson343@example.com,North,Bronze,2021-10-21,698.0
CUST-0344,John Lee,john.lee344@example.com,North,Silver,2022-06-04,641.0
CUST-0345,Matthew Anderson,matthew.anderson345@example.com,Central,Silver,2023-03-22,644.0
CUST-0346,Robert Anderson,robert.anderson346@example.com,Central,Silver,2021-11-26,697.0
CUST-0347,Joshua Thomas,joshua.thomas347@example.com,Central,Bronze,2021-03-05,571.0
CUST-0348,Mark Brown,mark.brown348@example.com,East,Platinum,2021-03-28,574.0
CUST-0349,Steven Lee,steven.lee349@example.com,South,Bronze,2022-12-26,626.0
CUST-0350,Mark Anderson,mark.anderson350@example.com,Central,Silver,2021-06-12,663.0
CUST-0351,Lisa Lopez,lisa.lopez351@example.com,East,Bronze,2023-03-05,703.0
CUST-0352,Nancy Perez,nancy.perez352@example.com,Central,Bronze,2022-10-09,790.0
CUST-0353,Nancy Williams,nancy.williams353@example.com,East,Bronze,2022-11-26,744.0
CUST-0354,Matthew Martinez,matthew.martinez354@example.com,East,Silver,2022-11-04,668.0
CUST-0355,Joshua Ramirez,joshua.ramirez355@example.com,South,Bronze,2022-08-20,678.0
CUST-0356,Elizabeth Robinson,elizabeth.robinson356@example.com,East,Bronze,2022-11-03,604.0
CUST-0357,Betty Jones,betty.jones357@example.com,Central,Silver,2021-03-28,678.0
CUST-0358,Karen Moore,karen.moore358@example.com,West,Silver,2021-12-03,658.0
CUST-0359,David Perez,david.perez359@example.com,Central,Bronze,2022-11-18,704.0
CUST-0360,Margaret Taylor,margaret.taylor360@example.com,East,Bronze,2021-11-13,617.0
CUST-0361,Barbara Walker,barbara.walker361@example.com,South,Bronze,2023-02-24,718.0
CUST-0362,Ashley Miller,ashley.miller362@example.com,South,Platinum,2021-06-08,794.0
CUST-0363,John Martinez,john.martinez363@example.com,North,Silver,2022-07-07,671.0
CUST-0364,Kimberly Johnson,kimberly.johnson364@example.com,East,Gold,2022-09-25,710.0
CUST-0365,David Martin,david.martin365@example.com,West,Bronze,2021-07-05,731.0
CUST-0366,Michelle Sanchez,michelle.sanchez366@example.com,South,Silver,2021-02-14,649.0
CUST-0367,Anthony Lopez,anthony.lopez367@example.com,South,Platinum,2022-09-18,696.0
CUST-0368,Charles Harris,charles.harris368@example.com,West,Bronze,2021-09-02,680.0
CUST-0369,Karen Walker,karen.walker369@example.com,West,Gold,2021-07-18,687.0
CUST-0370,Lisa Perez,lisa.perez370@example.com,Central,Platinum,2022-04-18,622.0
CUST-0371,Charles Harris,charles.harris371@example.com,West,Silver,2022-03-05,681.0
CUST-0372,William Clark,william.clark372@example.com,South,Gold,2021-05-22,717.0
CUST-0373,Thomas Johnson,thomas.johnson373@example.com,West,Gold,2022-07-22,788.0
CUST-0374,Michael Thompson,michael.thompson374@example.com,Central,Gold,2021-10-19,751.0
CUST-0375,Jennifer Harris,jennifer.harris375@example.com,South,Bronze,2023-07-17,841.0
CUST-0376,Steven Jones,steven.jones376@example.com,West,Bronze,2023-07-22,622.0
CUST-0377,Joseph Clark,joseph.clark377@example.com,West,Gold,2023-08-11,745.0
CUST-0378,Mary Wilson,mary.wilson378@example.com,North,Bronze,2022-01-18,693.0
CUST-0379,Jessica Gonzalez,jessica.gonzalez379@example.com,North,Bronze,2021-01-29,844.0
CUST-0380,Christopher Robinson,christopher.robinson380@example.com,North,Gold,2022-10-28,619.0
CUST-0381,Nancy Sanchez,nancy.sanchez381@example.com,South,Bronze,2021-10-21,617.0
CUST-0382,Donald Thompson,donald.thompson382@example.com,South,Gold,2022-04-26,635.0
CUST-0383,Mark Martin,mark.martin383@example.com,North,Gold,2021-01-20,520.0
CUST-0384,Thomas Miller,thomas.miller384@example.com,South,Silver,2023-01-15,640.0
CUST-0385,Joshua Taylor,joshua.taylor385@example.com,West,Bronze,2021-10-23,623.0
CUST-0386,Jessica Martinez,jessica.martinez386@example.com,North,Bronze,2022-03-06,691.0
CUST-0387,Michelle Anderson,michelle.anderson387@example.com,North,Bronze,2023-07-16,705.0
CUST-0388,Ashley Martin,ashley.martin388@example.com,Central,Bronze,2022-06-12,820.0
CUST-0389,Andrew Davis,andrew.davis389@example.com,South,Bronze,2021-01-02,751.0
CUST-0390,Michelle Lopez,michelle.lopez390@example.com,South,Silver,2021-07-11,636.0
CUST-0391,Jennifer Taylor,jennifer.taylor391@example.com,East,Bronze,2022-06-23,612.0
CUST-0392,Paul Taylor,paul.taylor392@example.com,Central,Silver,2022-02-04,716.0
CUST-0393,Donald Johnson,donald.johnson393@example.com,West,Platinum,2021-09-17,580.0
CUST-0394,Mary Lopez,mary.lopez394@example.com,North,Bronze,2023-01-21,817.0
CUST-0395,Michael Harris,michael.harris395@example.com,Central,Silver,2021-12-07,768.0
CUST-0396,David Johnson,david.johnson396@example.com,East,Silver,2023-04-14,644.0
CUST-0397,Barbara Clark,barbara.clark397@example.com,West,Platinum,2022-05-06,551.0
CUST-0398,Barbara Sanchez,barbara.sanchez398@example.com,South,Bronze,2023-03-06,781.0
CUST-0399,Sandra Johnson,sandra.johnson399@example.com,East,Bronze,2023-03-22,671.0
CUST-0400,Richard Lewis,richard.lewis400@example.com,North,Bronze,2021-11-14,772.0
CUST-0401,Steven Gonzalez,steven.gonzalez401@example.com,Central,Silver,2021-02-07,560.0
CUST-0402,Richard Martinez,richard.martinez402@example.com,East,Gold,2021-02-18,635.0
CUST-0403,Nancy Rodriguez,nancy.rodriguez403@example.com,North,Gold,2022-03-24,680.0
CUST-0404,Betty White,betty.white404@example.com,West,Gold,2022-01-31,683.0
CUST-0405,Nancy Garcia,nancy.garcia405@example.com,West,Silver,2022-01-12,646.0
CUST-0406,Kimberly Rodriguez,kimberly.rodriguez406@example.com,North,Silver,2021-03-22,726.0
CUST-0407,Margaret Martin,margaret.martin407@example.com,South,Silver,2021-11-25,599.0
CUST-0408,Michael Williams,michael.williams408@example.com,East,Silver,2021-11-10,669.0
CUST-0409,Mark Martin,mark.martin409@example.com,West,Bronze,2022-03-31,689.0
CUST-0410,Daniel Anderson,daniel.anderson410@example.com,North,Silver,2023-07-23,718.0
CUST-0411,Daniel Martin,daniel.martin411@example.com,West,Bronze,2023-03-22,733.0
CUST-0412,Patricia Williams,patricia.williams412@example.com,West,Bronze,2023-04-01,595.0
CUST-0413,William Walker,william.walker413@example.com,North,Bronze,2022-09-15,564.0
CUST-0414,Mark Johnson,mark.johnson414@example.com,South,Bronze,2023-03-09,775.0
CUST-0415,Lisa Lopez,lisa.lopez415@example.com,West,Platinum,2021-02-03,704.0
CUST-0416,Joshua Jones,joshua.jones416@example.com,West,Platinum,2022-01-16,623.0
CUST-0417,Mark Harris,mark.harris417@example.com,North,Silver,2022-06-27,796.0
CUST-0418,Lisa Gonzalez,lisa.gonzalez418@example.com,East,Silver,2021-09-13,688.0
CUST-0419,Linda Smith,linda.smith419@example.com,South,Silver,2022-02-01,768.0
CUST-0420,Emily Brown,emily.brown420@example.com,East,Gold,2022-12-22,685.0
CUST-0421,Mark Miller,mark.miller421@example.com,Central,Bronze,2023-07-28,834.0
CUST-0422,Ashley Miller,ashley.miller422@example.com,North,Bronze,2021-03-17,811.0
CUST-0423,Mark Garcia,mark.garcia423@example.com,West,Platinum,2023-04-10,661.0
CUST-0424,Christopher Perez,christopher.perez424@example.com,East,Silver,2022-07-18,752.0
CUST-0425,Paul Martinez,paul.martinez425@example.com,East,Gold,2022-12-30,728.0
CUST-0426,Barbara Sanchez,barbara.sanchez426@example.com,East,Silver,2021-05-05,782.0
CUST-0427,Richard Sanchez,richard.sanchez427@example.com,South,Bronze,2022-05-21,607.0
CUST-0428,Mary Lopez,mary.lopez428@example.com,Central,Silver,2022-04-24,731.0
CUST-0429,Emily Jones,emily.jones429@example.com,Central,Gold,2021-03-09,759.0
CUST-0430,Karen Gonzalez,karen.gonzalez430@example.com,West,Silver,2023-02-27,548.0
CUST-0431,Anthony Clark,anthony.clark431@example.com,Central,Bronze,2023-09-23,591.0
CUST-0432,Christopher Lee,christopher.lee432@example.com,North,Bronze,2022-11-28,527.0
CUST-0433,Kimberly Lopez,kimberly.lopez433@example.com,South,Gold,2023-03-10,659.0
CUST-0434,Emily Lee,emily.lee434@example.com,Central,Bronze,2023-09-17,733.0
CUST-0435,David Wilson,david.wilson435@example.com,Central,Gold,2021-02-26,792.0
CUST-0436,Linda Taylor,linda.taylor436@example.com,South,Bronze,2021-06-15,685.0
CUST-0437,Christopher Robinson,christopher.robinson437@example.com,South,Bronze,2023-08-22,802.0
CUST-0438,Kimberly Lewis,kimberly.lewis438@example.com,East,Gold,2021-09-14,576.0
CUST-0439,Richard Lee,richard.lee439@example.com,Central,Bronze,2022-10-03,552.0
CUST-0440,Karen Martin,karen.martin440@example.com,Central,Bronze,2022-10-19,675.0
CUST-0441,William Jackson,william.jackson441@example.com,Central,Bronze,2022-11-06,708.0
CUST-0442,Michelle White,michelle.white442@example.com,Central,Bronze,2023-08-05,677.0
CUST-0443,Andrew Johnson,andrew.johnson443@example.com,North,Bronze,2023-08-30,524.0
CUST-0444,Andrew Rodriguez,andrew.rodriguez444@example.com,South,Gold,2022-03-03,673.0
CUST-0445,Michelle Lee,michelle.lee445@example.com,North,Silver,2022-10-05,582.0
CUST-0446,Paul Martinez,paul.martinez446@example.com,East,Silver,2023-04-05,730.0
CUST-0447,Betty Martinez,betty.martinez447@example.com,West,Bronze,2021-03-03,707.0
CUST-0448,William Anderson,william.anderson448@example.com,West,Silver,2021-07-28,609.0
CUST-0449,Nancy Martin,nancy.martin449@example.com,South,Bronze,2023-01-06,641.0
CUST-0450,Christopher White,christopher.white450@example.com,East,Platinum,2021-05-14,600.0
CUST-0451,Lisa Taylor,lisa.taylor451@example.com,Central,Bronze,2021-09-05,675.0
CUST-0452,Sandra Brown,sandra.brown452@example.com,East,Bronze,2021-05-25,751.0
CUST-0453,Michael Johnson,michael.johnson453@example.com,East,Platinum,2023-06-04,606.0
CUST-0454,Michelle Wilson,michelle.wilson454@example.com,South,Platinum,2023-07-13,717.0
CUST-0455,William Clark,william.clark455@example.com,East,Platinum,2023-01-09,640.0
CUST-0456,Christopher Miller,christopher.miller456@example.com,South,Silver,2022-06-12,620.0
CUST-0457,Sandra Thomas,sandra.thomas457@example.com,East,Silver,2021-04-03,671.0
CUST-0458,Betty Taylor,betty.taylor458@example.com,West,Platinum,2021-08-09,602.0
CUST-0459,Donna Lopez,donna.lopez459@example.com,North,Bronze,2022-05-22,638.0
CUST-0460,Joshua Lewis,joshua.lewis460@example.com,West,Bronze,2021-01-09,590.0
CUST-0461,Michael Wilson,michael.wilson461@example.com,South,Gold,2023-01-15,827.0
CUST-0462,Lisa Harris,lisa.harris462@example.com,West,Bronze,2022-02-15,682.0
CUST-0463,Patricia Jackson,patricia.jackson463@example.com,Central,Bronze,2022-07-21,627.0
CUST-0464,Charles Williams,charles.williams464@example.com,West,Silver,2023-02-22,696.0
CUST-0465,Emily Rodriguez,emily.rodriguez465@example.com,Central,Silver,2021-05-02,671.0
CUST-0466,David Brown,david.brown466@example.com,West,Bronze,2021-12-14,663.0
CUST-0467,Emily Walker,emily.walker467@example.com,East,Gold,2021-07-23,726.0
CUST-0468,Joshua Taylor,joshua.taylor468@example.com,West,Silver,2021-02-16,736.0
CUST-0469,Robert Jones,robert.jones469@example.com,East,Gold,2022-06-16,640.0
CUST-0470,Sandra Jones,sandra.jones470@example.com,Central,Gold,2021-05-24,636.0
CUST-0471,Christopher Robinson,christopher.robinson471@example.com,Central,Bronze,2022-02-07,659.0
CUST-0472,Michelle White,michelle.white472@example.com,East,Silver,2022-06-04,507.0
CUST-0473,Steven Moore,steven.moore473@example.com,West,Silver,2021-11-03,566.0
CUST-0474,Donald Clark,donald.clark474@example.com,North,Bronze,2022-11-21,782.0
CUST-0475,Linda Wilson,linda.wilson475@example.com,Central,Bronze,2023-07-10,803.0
CUST-0476,Mary Martin,mary.martin476@example.com,West,Bronze,2022-11-03,661.0
CUST-0477,Donna Jackson,donna.jackson477@example.com,South,Silver,2022-08-21,723.0
CUST-0478,Donald Garcia,donald.garcia478@example.com,Central,Silver,2022-09-27,703.0
CUST-0479,Matthew Jones,matthew.jones479@example.com,South,Bronze,2023-08-29,850.0
CUST-0480,Linda Miller,linda.miller480@example.com,North,Bronze,2022-03-05,763.0
CUST-0481,Elizabeth Wilson,elizabeth.wilson481@example.com,South,Bronze,2023-03-05,670.0
CUST-0482,Michelle Robinson,michelle.robinson482@example.com,West,Gold,2023-01-24,608.0
CUST-0483,Patricia Thompson,patricia.thompson483@example.com,South,Silver,2022-07-29,559.0
CUST-0484,Christopher Perez,christopher.perez484@example.com,West,Silver,2021-11-18,695.0
CUST-0485,Barbara Anderson,barbara.anderson485@example.com,Central,Bronze,2021-12-29,623.0
CUST-0486,Thomas Martin,thomas.martin486@example.com,West,Bronze,2021-09-10,573.0
CUST-0487,Sarah Moore,sarah.moore487@example.com,East,Bronze,2023-09-24,631.0
CUST-0488,Karen Harris,karen.harris488@example.com,East,Silver,2022-12-08,598.0
CUST-0489,Ashley Hernandez,ashley.hernandez489@example.com,West,Bronze,2023-08-15,806.0
CUST-0490,Sarah Martinez,sarah.martinez490@example.com,North,Silver,2022-07-11,746.0
CUST-0491,Matthew Lewis,matthew.lewis491@example.com,West,Gold,2023-09-05,679.0
CUST-0492,Elizabeth Martinez,elizabeth.martinez492@example.com,North,Bronze,2023-01-02,790.0
CUST-0493,Jennifer Lopez,jennifer.lopez493@example.com,West,Silver,2023-02-05,685.0
CUST-0494,Donald Miller,donald.miller494@example.com,South,Gold,2021-10-05,615.0
CUST-0495,Emily Thompson,emily.thompson495@example.com,East,Bronze,2022-09-23,794.0
CUST-0496,Donna Davis,donna.davis496@example.com,South,Bronze,2023-07-16,720.0
CUST-0497,Kimberly Davis,kimberly.davis497@example.com,South,Bronze,2022-02-28,602.0
CUST-0498,Nancy Thompson,nancy.thompson498@example.com,West,Bronze,2023-03-01,665.0
CUST-0499,David Smith,david.smith499@example.com,Central,Platinum,2021-06-11,614.0
CUST-0500,Anthony Lee,anthony.lee500@example.com,West,Silver,2021-07-24,576.0
