Order ID,Customer ID,Product ID,Order Date,Quantity,Unit Price,Discount,Revenue,Profit,Channel
ORD-00001,CUST-0047,PROD-0073,2023-01-29,1,1213.24,0.0,1213.24,425.74,Retail Store
ORD-00002,CUST-0495,PROD-0055,2023-08-15,2,390.58,0.05,742.1,174.3,Online
ORD-00003,CUST-0210,PROD-0132,2023-01-21,4,210.81,0.15,716.75,332.83,Retail Store
ORD-00004,CUST-0243,PROD-0234,2023-05-16,2,232.58,0.05,441.9,192.66,Online
ORD-00005,CUST-0130,PROD-0156,2023-11-09,3,543.54,0.05,1549.09,889.6,Online
ORD-00006,CUST-0459,PROD-0097,2023-12-24,2,240.81,0.0,481.62,265.1,Online
ORD-00007,CUST-0267,PROD-0212,2024-09-30,1,1245.64,0.0,1245.64,429.43,Retail Store
ORD-00008,CUST-0340,PROD-0248,2024-01-19,2,968.61,0.0,1937.22,731.5,Online
ORD-00009,CUST-0351,PROD-0028,2024-05-08,1,737.47,0.2,589.98,235.71,Retail Store
ORD-00010,CUST-0442,PROD-0071,2023-09-25,3,122.07,0.15,311.28,119.19,Retail Store
ORD-00011,CUST-0097,PROD-0039,2024-06-13,3,1224.2,0.1,3305.34,1119.96,Direct Sales
ORD-00012,CUST-0411,PROD-0208,2024-09-06,2,614.79,0.0,1229.58,661.28,Online
ORD-00013,CUST-0014,PROD-0168,2024-05-24,8,638.38,0.0,5107.04,2630.64,Online
ORD-00014,CUST-0199,PROD-0189,2023-02-06,2,731.23,0.2,1169.97,356.69,Direct Sales
ORD-00015,CUST-0176,PROD-0186,2023-08-16,3,98.35,0.05,280.3,116.5,Retail Store
ORD-00016,CUST-0482,PROD-0172,2024-01-03,2,203.9,0.1,367.02,143.98,Direct Sales
ORD-00017,CUST-0449,PROD-0143,2023-07-05,1,151.5,0.0,151.5,74.22,Direct Sales
ORD-00018,CUST-0372,PROD-0207,2024-07-26,3,1442.15,0.0,4326.45,2257.83,Retail Store
ORD-00019,CUST-0172,PROD-0168,2023-04-02,1,638.38,0.0,638.38,328.83,Direct Sales
ORD-00020,CUST-0216,PROD-0202,2023-12-06,1,458.46,0.0,458.46,254.14,Retail Store
ORD-00021,CUST-0061,PROD-0121,2023-02-24,4,59.67,0.0,238.68,119.72,Partner
ORD-00022,CUST-0037,PROD-0121,2023-07-19,2,59.67,0.1,107.41,47.93,Online
ORD-00023,CUST-0153,PROD-0106,2023-02-25,4,103.27,0.0,413.08,196.96,Partner
ORD-00024,CUST-0176,PROD-0105,2024-08-06,4,119.81,0.2,383.39,103.19,Online
ORD-00025,CUST-0442,PROD-0184,2023-07-04,3,672.78,0.0,2018.34,1118.67,Retail Store
ORD-00026,CUST-0091,PROD-0081,2024-10-11,1,56.93,0.0,56.93,15.25,Online
ORD-00027,CUST-0397,PROD-0044,2024-08-13,3,349.83,0.0,1049.49,293.79,Direct Sales
ORD-00028,CUST-0046,PROD-0034,2024-09-21,2,1177.0,0.0,2354.0,600.28,Online
ORD-00029,CUST-0245,PROD-0099,2023-01-05,1,86.54,0.0,86.54,48.44,Online
ORD-00030,CUST-0008,PROD-0229,2023-11-26,3,1693.09,0.0,5079.27,2029.41,Online
ORD-00031,CUST-0003,PROD-0161,2023-09-12,1,241.34,0.1,217.21,72.2,Online
ORD-00032,CUST-0053,PROD-0099,2024-05-30,2,86.54,0.0,173.08,96.88,Direct Sales
ORD-00033,CUST-0153,PROD-0243,2023-10-25,2,659.06,0.0,1318.12,454.64,Retail Store
ORD-00034,CUST-0223,PROD-0228,2024-12-04,8,1050.05,0.0,8400.4,2568.16,Partner
ORD-00035,CUST-0184,PROD-0193,2023-07-12,1,636.08,0.15,540.67,160.31,Direct Sales
ORD-00036,CUST-0010,PROD-0059,2023-08-18,3,960.09,0.0,2880.27,1648.5,Direct Sales
ORD-00037,CUST-0302,PROD-0130,2023-06-23,1,128.73,0.05,122.29,46.14,Direct Sales
ORD-00038,CUST-0193,PROD-0225,2024-10-17,1,771.05,0.0,771.05,362.5,Online
ORD-00039,CUST-0025,PROD-0170,2023-04-21,3,749.3,0.0,2247.9,922.68,Retail Store
ORD-00040,CUST-0214,PROD-0114,2024-01-25,1,62.93,0.0,62.93,31.4,Direct Sales
ORD-00041,CUST-0106,PROD-0178,2024-12-03,2,166.56,0.0,333.12,145.54,Retail Store
ORD-00042,CUST-0340,PROD-0134,2023-10-04,2,219.86,0.05,417.73,186.37,Online
ORD-00043,CUST-0461,PROD-0027,2024-06-07,3,830.96,0.0,2492.88,1475.88,Online
ORD-00044,CUST-0055,PROD-0128,2023-07-23,2,149.67,0.05,284.37,154.87,Direct Sales
ORD-00045,CUST-0499,PROD-0052,2024-01-02,3,580.09,0.0,1740.27,502.44,Online
ORD-00046,CUST-0255,PROD-0234,2023-08-01,3,232.58,0.0,697.74,323.88,Online
ORD-00047,CUST-0007,PROD-0172,2023-04-02,5,203.9,0.1,917.55,359.95,Retail Store
ORD-00048,CUST-0077,PROD-0244,2023-04-03,3,1504.27,0.0,4512.81,1537.38,Direct Sales
ORD-00049,CUST-0464,PROD-0066,2024-10-21,1,1287.61,0.2,1030.09,145.19,Online
ORD-00050,CUST-0238,PROD-0013,2023-04-13,4,1054.22,0.1,3795.19,1089.63,
ORD-00051,CUST-0185,PROD-0206,2024-11-24,1,938.5,0.05,891.57,411.95,Online
ORD-00052,CUST-0389,PROD-0228,2023-02-16,1,1050.05,0.0,1050.05,321.02,Retail Store
ORD-00053,CUST-0169,PROD-0092,2024-03-24,6,229.46,0.0,1376.76,505.74,Direct Sales
ORD-00054,CUST-0191,PROD-0209,2023-12-17,1,1790.4,0.0,1790.4,469.42,Partner
ORD-00055,CUST-0140,PROD-0214,2024-01-30,3,825.02,0.0,2475.06,1340.94,Online
ORD-00056,CUST-0454,PROD-0205,2023-06-20,1,685.42,0.05,651.15,299.59,Online
ORD-00057,CUST-0483,PROD-0217,2023-06-13,1,244.66,0.15,207.96,95.53,Retail Store
ORD-00058,CUST-0292,PROD-0174,2024-03-24,1,329.37,0.0,329.37,187.83,Online
ORD-00059,CUST-0015,PROD-0221,2024-12-01,4,619.63,0.05,2354.59,1279.99,Direct Sales
ORD-00060,CUST-0248,PROD-0236,2024-05-14,1,816.26,0.0,816.26,447.42,Online
ORD-00061,CUST-0134,PROD-0168,2023-11-18,1,638.38,0.1,574.54,264.99,Retail Store
ORD-00062,CUST-0381,PROD-0148,2024-08-01,1,12.9,0.15,10.96,4.05,Direct Sales
ORD-00063,CUST-0266,PROD-0134,2024-12-05,3,219.86,0.0,659.58,312.54,Retail Store
ORD-00064,CUST-0128,PROD-0124,2023-12-21,3,76.56,0.05,218.2,115.66,Online
ORD-00065,CUST-0424,PROD-0143,2024-09-19,1,151.5,0.05,143.92,66.64,Online
ORD-00066,CUST-0435,PROD-0121,2024-05-22,4,59.67,0.0,238.68,119.72,Retail Store
ORD-00067,CUST-0124,PROD-0085,2023-10-12,1,148.21,0.0,148.21,46.57,Retail Store
ORD-00068,CUST-0207,PROD-0210,2023-08-29,1,1147.12,0.0,1147.12,431.46,Retail Store
ORD-00069,CUST-0046,PROD-0220,2024-05-25,2,439.17,0.0,878.34,312.68,Retail Store
ORD-00070,CUST-0335,PROD-0005,2023-04-16,2,503.72,0.0,1007.44,444.26,Retail Store
ORD-00071,CUST-0423,PROD-0024,2024-09-10,6,272.31,0.05,1552.17,684.51,Direct Sales
ORD-00072,CUST-0288,PROD-0053,2024-11-01,3,1439.28,0.15,3670.16,706.82,Online
ORD-00073,CUST-0028,PROD-0210,2023-08-17,4,1147.12,0.0,4588.48,1725.84,Direct Sales
ORD-00074,CUST-0308,PROD-0122,2024-11-03,1,244.96,0.0,244.96,65.32,Online
ORD-00075,CUST-0338,PROD-0057,2023-01-03,1,1105.51,0.1,994.96,282.73,Partner
ORD-00076,CUST-0150,PROD-0141,2024-06-18,1,166.0,0.0,166.0,63.11,Direct Sales
ORD-00077,CUST-0253,PROD-0036,2024-02-24,1,328.69,0.05,312.26,141.16,Online
ORD-00078,CUST-0477,PROD-0219,2024-02-07,1,1218.11,0.1,1096.3,350.13,Online
ORD-00079,CUST-0174,PROD-0028,2024-02-29,1,737.47,0.05,700.6,346.33,Retail Store
ORD-00080,CUST-0064,PROD-0198,2024-04-06,2,683.92,0.0,1367.84,537.04,Retail Store
ORD-00081,CUST-0494,PROD-0128,2023-01-05,2,149.67,0.0,299.34,169.84,Partner
ORD-00082,CUST-0430,PROD-0150,2024-05-09,5,150.97,0.05,717.11,171.41,Partner
ORD-00083,CUST-0355,PROD-0149,2023-06-27,3,97.7,0.0,293.1,77.94,Online
ORD-00084,CUST-0308,PROD-0156,2023-11-26,2,543.54,0.0,1087.08,647.42,Partner
ORD-00085,CUST-0469,PROD-0178,2023-09-12,1,166.56,0.15,141.58,47.79,Partner
ORD-00086,CUST-0232,PROD-0207,2023-05-17,1,1442.15,0.05,1370.04,680.5,Direct Sales
ORD-00087,CUST-0263,PROD-0077,2024-12-19,2,540.69,0.0,1081.38,616.78,Direct Sales
ORD-00088,CUST-0284,PROD-0162,2023-08-11,1,51.93,0.05,49.33,28.33,Online
ORD-00089,CUST-0177,PROD-0236,2024-11-19,1,816.26,0.05,775.45,406.61,Partner
ORD-00090,CUST-0092,PROD-0129,2024-07-09,3,177.35,0.0,532.05,245.16,Online
ORD-00091,CUST-0181,PROD-0144,2024-05-06,2,164.71,0.15,280.01,65.09,Direct Sales
ORD-00092,CUST-0346,PROD-0192,2024-06-30,1,651.63,0.1,586.47,100.16,Direct Sales
ORD-00093,CUST-0268,PROD-0028,2023-01-26,1,737.47,0.0,737.47,383.2,Online
ORD-00094,CUST-0137,PROD-0193,2023-06-14,8,636.08,0.05,4834.21,1791.33,Online
ORD-00095,CUST-0032,PROD-0177,2023-10-30,1,389.57,0.0,389.57,105.09,Online
ORD-00096,CUST-0232,PROD-0027,2024-09-22,4,830.96,0.05,3157.65,1801.65,Direct Sales
ORD-00097,CUST-0381,PROD-0166,2024-07-28,1,436.83,0.0,436.83,200.8,Direct Sales
ORD-00098,CUST-0357,PROD-0074,2024-12-10,3,299.07,0.15,762.63,107.64,Online
ORD-00099,CUST-0490,PROD-0202,2024-12-02,1,458.46,0.0,458.46,254.14,Online
ORD-00100,CUST-0129,PROD-0052,2024-09-27,4,580.09,0.1,2088.32,437.88,Online
ORD-00101,CUST-0116,PROD-0234,2024-10-10,3,232.58,0.05,662.85,288.99,Direct Sales
ORD-00102,CUST-0280,PROD-0190,2024-09-09,1,234.34,0.05,222.62,95.09,Online
ORD-00103,CUST-0230,PROD-0046,2024-11-30,1,742.08,0.15,630.77,104.65,Direct Sales
ORD-00104,CUST-0062,PROD-0097,2023-02-11,2,240.81,0.0,481.62,265.1,Online
ORD-00105,CUST-0300,PROD-0217,2023-09-19,1,244.66,,244.66,132.23,Partner
ORD-00106,CUST-0021,PROD-0040,2023-11-27,2,631.56,0.05,1199.96,495.86,Retail Store
ORD-00107,CUST-0432,PROD-0170,2023-11-05,2,749.3,0.0,1498.6,615.12,Online
ORD-00108,CUST-0402,PROD-0182,2023-11-22,2,245.13,0.15,416.72,215.28,Retail Store
ORD-00109,CUST-0403,PROD-0130,2023-06-13,2,128.73,0.0,257.46,105.16,Online
ORD-00110,CUST-0114,PROD-0227,2023-08-07,3,282.46,0.0,847.38,310.26,Online
ORD-00111,CUST-0487,PROD-0193,2024-09-25,2,636.08,0.2,1017.73,257.01,Direct Sales
ORD-00112,CUST-0333,PROD-0003,2023-04-28,3,673.4,0.0,2020.2,620.88,Partner
ORD-00113,CUST-0315,PROD-0236,2024-09-28,1,816.26,0.0,816.26,447.42,Direct Sales
ORD-00114,CUST-0196,PROD-0235,2023-04-27,1,1660.83,0.0,1660.83,989.31,Online
ORD-00115,CUST-0467,PROD-0133,2024-01-19,2,239.93,0.0,479.86,265.76,Retail Store
ORD-00116,CUST-0152,PROD-0230,2024-10-29,1,1320.03,0.0,1320.03,560.04,Partner
ORD-00117,CUST-0086,PROD-0249,2024-07-04,2,869.45,0.05,1651.95,371.81,Online
ORD-00118,CUST-0323,PROD-0199,2023-08-07,4,493.67,0.0,1974.68,941.76,Online
ORD-00119,CUST-0276,PROD-0213,2024-12-20,4,233.9,0.05,888.82,430.54,Online
ORD-00120,CUST-0419,PROD-0241,2023-03-15,3,687.62,0.0,2062.86,664.71,Retail Store
ORD-00121,CUST-0170,PROD-0010,2023-03-31,1,342.39,0.0,342.39,174.18,Online
ORD-00122,CUST-0037,PROD-0148,2023-08-22,5,12.9,0.0,64.5,29.95,Retail Store
ORD-00123,CUST-0208,PROD-0111,2023-11-20,1,85.5,0.05,81.22,36.28,Retail Store
ORD-00124,CUST-0329,PROD-0185,2024-09-25,1,753.18,0.05,715.52,259.74,Online
ORD-00125,CUST-0435,PROD-0019,2024-01-02,5,1293.37,0.0,6466.85,2773.7,Direct Sales
ORD-00126,CUST-0155,PROD-0156,2023-03-30,1,543.54,0.15,462.01,242.18,Online
ORD-00127,CUST-0421,PROD-0170,2023-02-01,2,749.3,0.0,1498.6,615.12,Online
ORD-00128,CUST-0201,PROD-0204,2024-07-12,1,1565.92,0.05,1487.62,334.8,Online
ORD-00129,CUST-0455,PROD-0235,2024-10-25,1,1660.83,0.15,1411.71,740.19,Retail Store
ORD-00130,CUST-0285,PROD-0037,2023-05-07,1,1033.31,0.0,1033.31,566.02,Online
ORD-00131,CUST-0281,PROD-0243,2023-03-29,1,659.06,0.05,626.11,194.37,Partner
ORD-00132,CUST-0177,PROD-0055,2024-02-27,5,390.58,0.1,1757.61,338.11,Online
ORD-00133,CUST-0095,PROD-0057,2024-09-23,4,1105.51,0.0,4422.04,1573.12,Online
ORD-00134,CUST-0410,PROD-0146,2023-02-25,4,55.28,0.15,187.95,38.83,Partner
ORD-00135,CUST-0237,PROD-0166,2024-07-16,1,436.83,0.05,414.99,178.96,Online
ORD-00136,CUST-0102,PROD-0186,2024-08-17,2,98.35,0.0,196.7,87.5,Online
ORD-00137,CUST-0336,PROD-0061,2023-04-13,1,1008.3,0.0,1008.3,471.14,Online
ORD-00138,CUST-0249,PROD-0116,2023-12-03,2,140.35,0.0,280.7,94.06,Retail Store
ORD-00139,CUST-0290,PROD-0146,2024-01-09,4,55.28,0.15,187.95,38.83,Online
ORD-00140,CUST-0161,PROD-0064,2023-08-15,3,406.27,0.05,1157.87,554.69,Online
ORD-00141,CUST-0185,PROD-0035,2024-11-26,3,393.88,0.1,1063.48,226.99,Retail Store
ORD-00142,CUST-0184,PROD-0199,2023-11-09,500,493.67,0.0,246835.0,111075.75,Retail Store
ORD-00143,CUST-0042,PROD-0216,2023-10-15,4,878.16,0.0,3512.64,1125.04,Retail Store
ORD-00144,CUST-0135,PROD-0188,2024-10-03,1,666.26,0.0,666.26,392.88,Online
ORD-00145,CUST-0260,PROD-0162,2023-02-01,4,51.93,0.0,207.72,123.72,Direct Sales
ORD-00146,CUST-0109,PROD-0233,2023-02-07,2,1501.91,0.0,3003.82,1646.82,Partner
ORD-00147,CUST-0242,PROD-0168,2023-06-02,1,638.38,0.0,638.38,328.83,Direct Sales
ORD-00148,CUST-0376,PROD-0220,2023-10-25,1,439.17,0.0,439.17,156.34,Online
ORD-00149,CUST-0187,PROD-0129,2023-01-11,3,177.35,0.1,478.84,191.95,Direct Sales
ORD-00150,CUST-0315,PROD-0176,2023-06-19,3,245.74,0.0,737.22,235.71,Online
ORD-00151,CUST-0290,PROD-0243,2024-08-02,3,659.06,0.15,1680.6,385.38,Direct Sales
ORD-00152,CUST-0248,PROD-0241,2024-01-03,1,687.62,0.05,653.24,187.19,Online
ORD-00153,CUST-0136,PROD-0095,2023-08-28,1,149.32,0.0,149.32,69.15,Partner
ORD-00154,CUST-0185,PROD-0100,2024-04-25,5,36.25,0.1,163.12,43.67,Online
ORD-00155,CUST-0333,PROD-0083,2023-04-16,3,243.81,0.0,731.43,196.35,Direct Sales
ORD-00156,CUST-0428,PROD-0190,2023-09-27,2,234.34,0.0,468.68,213.62,Online
ORD-00157,CUST-0194,PROD-0094,2024-08-24,3,201.1,0.1,542.97,254.76,Retail Store
ORD-00158,CUST-0193,PROD-0250,2023-08-17,2,1622.75,0.0,3245.5,1096.54,Direct Sales
ORD-00159,CUST-0250,PROD-0203,2024-05-08,4,220.05,0.0,880.2,482.6,Direct Sales
ORD-00160,CUST-0226,PROD-0043,2023-08-24,1,760.74,0.05,722.7,414.32,Online
ORD-00161,CUST-0096,PROD-0041,2024-01-06,2,211.3,0.1,380.34,111.66,Retail Store
ORD-00162,CUST-0213,PROD-0208,2023-12-05,3,614.79,0.0,1844.37,991.92,Retail Store
ORD-00163,CUST-0108,PROD-0152,2023-06-15,2,453.24,0.0,906.48,517.36,Online
ORD-00164,CUST-0066,PROD-0147,2024-08-29,1,128.77,0.05,122.33,44.05,Online
ORD-00165,CUST-0294,PROD-0038,2023-02-27,1,341.11,0.15,289.94,51.12,Retail Store
ORD-00166,CUST-0208,PROD-0154,2024-07-31,2,532.37,0.1,958.27,369.35,Direct Sales
ORD-00167,CUST-0421,PROD-0073,2023-03-29,1,1213.24,0.05,1152.58,365.08,Retail Store
ORD-00168,CUST-0247,PROD-0044,2023-08-13,4,349.83,0.05,1329.35,321.75,Direct Sales
ORD-00169,CUST-0421,PROD-0197,2023-07-06,2,760.85,0.0,1521.7,389.66,Online
ORD-00170,CUST-0352,PROD-0088,2024-04-09,2,26.6,0.0,53.2,19.38,Online
ORD-00171,CUST-0068,PROD-0028,2023-01-17,1,737.47,0.1,663.72,309.45,Retail Store
ORD-00172,CUST-0215,PROD-0212,2023-06-03,2,1245.64,0.0,2491.28,858.86,Partner
ORD-00173,CUST-0308,PROD-0010,2024-06-28,2,342.39,0.0,684.78,348.36,Retail Store
ORD-00174,CUST-0067,PROD-0231,2024-09-09,2,367.71,0.0,735.42,196.92,Partner
ORD-00175,CUST-0348,PROD-0167,2024-03-17,2,683.63,0.0,1367.26,555.68,Online
ORD-00176,CUST-0272,PROD-0110,2023-08-23,5,230.6,0.0,1153.0,624.45,Direct Sales
ORD-00177,CUST-0180,PROD-0151,2024-12-14,2,521.43,0.0,1042.86,474.08,Online
ORD-00178,CUST-0393,PROD-0060,2023-03-27,1,731.78,0.1,658.6,153.8,Online
ORD-00179,CUST-0097,PROD-0002,2023-01-08,2,895.27,0.0,1790.54,502.02,Online
ORD-00180,CUST-0336,PROD-0053,2024-12-05,4,1439.28,0.0,5757.12,1806.0,Online
ORD-00181,CUST-0219,PROD-0167,2024-08-22,1,683.63,0.1,615.27,209.48,Online
ORD-00182,CUST-0188,PROD-0157,2023-10-10,8,764.76,0.0,6118.08,1994.24,Online
ORD-00183,CUST-0283,PROD-0201,2024-07-24,2,214.36,0.0,428.72,166.96,Retail Store
ORD-00184,CUST-0130,PROD-0079,2024-08-14,1,277.15,0.05,263.29,110.27,Direct Sales
ORD-00185,CUST-0438,PROD-0222,2024-11-06,1,726.19,0.0,726.19,327.03,Direct Sales
ORD-00186,CUST-0487,PROD-0042,2023-04-13,1,136.16,0.0,136.16,49.7,Online
ORD-00187,CUST-0282,PROD-0158,2024-12-14,3,612.33,0.0,1836.99,630.96,Online
ORD-00188,CUST-0326,PROD-0002,2023-04-04,4,895.27,0.0,3581.08,1004.04,Retail Store
ORD-00189,CUST-0046,PROD-0017,2023-09-27,1,1198.07,0.0,1198.07,334.22,Online
ORD-00190,CUST-0197,PROD-0239,2024-02-15,2,797.0,0.0,1594.0,611.48,Direct Sales
ORD-00191,CUST-0306,PROD-0015,2023-06-29,2,726.07,0.0,1452.14,580.86,Online
ORD-00192,CUST-0337,PROD-0239,2024-06-14,1,797.0,0.0,797.0,305.74,Retail Store
ORD-00193,CUST-0265,PROD-0179,2023-08-26,2,627.75,0.05,1192.72,486.92,Online
ORD-00194,CUST-0336,PROD-0001,2023-06-11,1,1153.39,0.0,1153.39,381.71,Online
ORD-00195,CUST-0343,PROD-0102,2024-02-20,2,54.73,0.0,109.46,37.42,Direct Sales
ORD-00196,CUST-0036,PROD-0236,2023-04-03,2,816.26,0.05,1550.89,813.21,Retail Store
ORD-00197,CUST-0299,PROD-0090,2023-12-22,6,153.5,0.0,921.0,254.94,Retail Store
ORD-00198,CUST-0100,PROD-0117,2024-02-18,2,141.12,0.0,282.24,87.34,Online
ORD-00199,CUST-0055,PROD-0144,2023-03-16,2,164.71,0.0,329.42,114.5,Online
ORD-00200,CUST-0263,PROD-0245,2023-09-21,4,1449.7,0.1,5218.92,2766.24,Retail Store
ORD-00201,CUST-0356,PROD-0114,2024-01-22,2,62.93,0.05,119.57,56.51,Direct Sales
ORD-00202,CUST-0493,PROD-0199,2024-04-14,3,493.67,0.1,1332.91,558.22,Direct Sales
ORD-00203,CUST-0247,PROD-0030,2023-09-22,1,1017.48,0.05,966.61,473.91,Partner
ORD-00204,CUST-0347,PROD-0180,2023-08-24,4,564.54,0.0,2258.16,804.12,Online
ORD-00205,CUST-0275,PROD-0003,2024-12-18,4,673.4,0.0,2693.6,827.84,Online
ORD-00206,CUST-0345,PROD-0192,2023-12-17,1,651.63,0.15,553.89,67.58,Retail Store
ORD-00207,CUST-0182,PROD-0056,2024-08-10,1,766.15,0.15,651.23,341.59,Retail Store
ORD-00208,CUST-0466,PROD-0049,2024-05-25,3,1407.36,0.0,4222.08,2045.79,Online
ORD-00209,CUST-0136,PROD-0053,2023-08-23,1,1439.28,0.0,1439.28,451.5,Retail Store
ORD-00210,CUST-0080,PROD-0200,2023-04-20,1,191.18,0.0,191.18,55.72,
ORD-00211,CUST-0253,PROD-0158,2023-01-07,3,612.33,0.0,1836.99,630.96,Online
ORD-00212,CUST-0247,PROD-0096,2024-09-27,1,175.7,0.1,158.13,58.16,Direct Sales
ORD-00213,CUST-0295,PROD-0223,2023-10-09,2,282.94,0.2,452.7,185.36,Partner
ORD-00214,CUST-0144,PROD-0102,2023-08-16,3,54.73,0.0,164.19,56.13,Retail Store
ORD-00215,CUST-0217,PROD-0123,2024-07-07,1,173.03,0.0,173.03,56.24,Direct Sales
ORD-00216,CUST-0398,PROD-0045,2024-04-13,6,938.25,0.05,5348.02,1568.2,Retail Store
ORD-00217,CUST-0353,PROD-0003,2023-01-13,3,673.4,0.0,2020.2,620.88,Online
ORD-00218,CUST-0186,PROD-0157,2023-09-23,1,764.76,0.0,764.76,249.28,Online
ORD-00219,CUST-0491,PROD-0157,2023-12-18,1,764.76,0.0,764.76,249.28,Online
ORD-00220,CUST-0359,PROD-0193,2024-01-17,1,636.08,0.0,636.08,255.72,Retail Store
ORD-00221,CUST-0293,PROD-0034,2024-08-12,3,1177.0,0.1,3177.9,547.32,Direct Sales
ORD-00222,CUST-0412,PROD-0061,2024-07-22,2,1008.3,0.0,2016.6,942.28,Online
ORD-00223,CUST-0492,PROD-0190,2023-06-03,2,234.34,0.0,468.68,213.62,Online
ORD-00224,CUST-0069,PROD-0229,2024-10-07,2,1693.09,0.05,3216.87,1183.63,Direct Sales
ORD-00225,CUST-0154,PROD-0065,2024-07-29,4,185.57,0.0,742.28,436.84,Online
ORD-00226,CUST-0084,PROD-0016,2023-08-09,4,843.28,0.0,3373.12,1132.84,Retail Store
ORD-00227,CUST-0231,PROD-0191,2023-12-09,1,337.26,0.0,337.26,126.5,Retail Store
ORD-00228,CUST-0415,PROD-0066,2023-12-19,1,1287.61,0.0,1287.61,402.71,Direct Sales
ORD-00229,CUST-0494,PROD-0156,2023-07-23,2,543.54,0.05,1032.73,593.07,Retail Store
ORD-00230,CUST-0400,PROD-0073,2023-12-30,1,1213.24,0.0,1213.24,425.74,Direct Sales
ORD-00231,CUST-0229,PROD-0228,2023-03-22,1,1050.05,0.0,1050.05,321.02,Retail Store
ORD-00232,CUST-0075,PROD-0223,2023-06-21,2,282.94,0.15,481.0,213.66,Online
ORD-00233,CUST-0314,PROD-0147,2024-02-19,4,128.77,0.0,515.08,201.96,Online
ORD-00234,CUST-0117,PROD-0081,2023-11-21,3,56.93,0.05,162.25,37.21,Retail Store
ORD-00235,CUST-0203,PROD-0070,2024-03-31,3,187.95,0.15,479.27,62.51,Direct Sales
ORD-00236,CUST-0267,PROD-0248,2024-04-06,2,968.61,0.0,1937.22,731.5,Online
ORD-00237,CUST-0373,PROD-0061,2024-11-08,1,1008.3,0.05,957.88,420.72,Direct Sales
ORD-00238,CUST-0108,PROD-0043,2024-02-11,1,760.74,0.0,760.74,452.36,Direct Sales
ORD-00239,CUST-0281,PROD-0014,2023-01-27,3,1380.91,0.0,4142.73,2291.97,Partner
ORD-00240,CUST-0054,PROD-0068,2024-09-24,1,1041.39,0.05,989.32,284.64,Direct Sales
ORD-00241,CUST-0159,PROD-0059,2023-09-11,3,960.09,0.0,2880.27,1648.5,Online
ORD-00242,CUST-0270,PROD-0215,2023-06-24,1,290.4,0.05,275.88,110.98,Direct Sales
ORD-00243,CUST-0167,PROD-0222,2024-05-02,2,726.19,0.1,1307.14,508.82,Partner
ORD-00244,CUST-0281,PROD-0114,2023-05-19,6,62.93,0.05,358.7,169.52,Online
ORD-00245,CUST-0306,PROD-0117,2024-10-08,3,141.12,0.1,381.02,88.67,Online
ORD-00246,CUST-0328,PROD-0164,2024-06-30,1,541.78,0.0,541.78,277.99,Retail Store
ORD-00247,CUST-0413,PROD-0023,2024-03-28,1,1407.11,0.0,1407.11,642.9,Online
ORD-00248,CUST-0006,PROD-0001,2024-06-19,4,1153.39,0.1,4152.2,1065.48,Online
ORD-00249,CUST-0241,PROD-0137,2023-01-09,3,64.29,0.0,192.87,68.76,Direct Sales
ORD-00250,CUST-0154,PROD-0003,2024-03-16,3,673.4,0.0,2020.2,620.88,Direct Sales
ORD-00251,CUST-0281,PROD-0096,2023-07-13,2,175.7,0.0,351.4,151.46,Online
ORD-00252,CUST-0084,PROD-0184,2024-10-23,1,672.78,0.0,672.78,372.89,Online
ORD-00253,CUST-0217,PROD-0161,2023-09-03,2,241.34,0.05,458.55,168.53,Retail Store
ORD-00254,CUST-0356,PROD-0176,2023-10-06,1,245.74,0.05,233.45,66.28,Direct Sales
ORD-00255,CUST-0212,PROD-0049,2023-03-12,1,1407.36,0.0,1407.36,681.93,Retail Store
ORD-00256,CUST-0317,PROD-0116,2023-10-06,3,140.35,0.0,421.05,141.09,Online
ORD-00257,CUST-0078,PROD-0013,2024-07-01,1,1054.22,0.2,843.38,166.99,Online
ORD-00258,CUST-0065,PROD-0184,2024-03-24,3,672.78,0.0,2018.34,1118.67,Online
ORD-00259,CUST-0253,PROD-0056,2023-12-17,2,766.15,0.05,1455.68,836.4,Retail Store
ORD-00260,CUST-0191,PROD-0119,2024-12-14,3,248.55,0.0,745.65,235.8,Direct Sales
ORD-00261,CUST-0488,PROD-0038,2023-02-27,1,341.11,0.0,341.11,102.29,Retail Store
ORD-00262,CUST-0093,PROD-0050,2023-09-14,4,889.1,0.1,3200.76,1358.04,Online
ORD-00263,CUST-0394,PROD-0183,2023-09-12,1,462.59,0.2,370.07,168.53,Online
ORD-00264,CUST-0018,PROD-0051,2024-04-16,3,1246.66,0.0,3739.98,2023.77,Retail Store
ORD-00265,CUST-0107,PROD-0122,2024-02-03,3,244.96,0.0,734.88,195.96,Online
ORD-00266,CUST-0323,PROD-0187,2023-02-13,3,656.67,0.0,1970.01,532.29,Online
ORD-00267,CUST-0247,PROD-0164,2023-11-02,1,541.78,0.1,487.6,223.81,Direct Sales
ORD-00268,CUST-0112,PROD-0250,2023-04-26,1,1622.75,0.0,1622.75,548.27,Online
ORD-00269,CUST-0407,PROD-0071,2024-08-21,1,122.07,0.05,115.97,51.94,Online
ORD-00270,CUST-0022,PROD-0149,2024-12-08,2,97.7,0.0,195.4,51.96,Online
ORD-00271,CUST-0046,PROD-0064,2023-06-11,2,406.27,0.05,771.91,369.79,Online
ORD-00272,CUST-0497,PROD-0195,2024-10-02,1,403.76,0.0,403.76,159.73,Online
ORD-00273,CUST-0275,PROD-0203,2023-04-20,1,220.05,0.0,220.05,120.65,Partner
ORD-00274,CUST-0404,PROD-0166,2023-12-22,4,436.83,0.0,1747.32,803.2,Online
ORD-00275,CUST-0353,PROD-0097,2024-01-02,3,240.81,0.0,722.43,397.65,Online
ORD-00276,CUST-0362,PROD-0113,2024-07-26,1,109.75,0.05,104.26,57.18,Online
ORD-00277,CUST-0096,PROD-0140,2023-12-23,1,219.88,0.0,219.88,126.66,Direct Sales
ORD-00278,CUST-0307,PROD-0235,2024-07-21,1,1660.83,0.0,1660.83,989.31,Online
ORD-00279,CUST-0420,PROD-0068,2024-07-08,1,1041.39,0.0,1041.39,336.71,Retail Store
ORD-00280,CUST-0195,PROD-0188,2023-07-09,4,666.26,0.05,2531.79,1438.27,Online
ORD-00281,CUST-0318,PROD-0062,2023-11-25,3,755.93,0.05,2154.4,793.73,Retail Store
ORD-00282,CUST-0199,PROD-0049,2024-06-20,3,1407.36,0.05,4010.98,1834.69,Online
ORD-00283,CUST-0145,PROD-0083,2024-02-24,2,243.81,0.0,487.62,130.9,Retail Store
ORD-00284,CUST-0035,PROD-0012,2023-05-13,1,1008.23,0.0,1008.23,496.67,Online
ORD-00285,CUST-0099,PROD-0026,2023-02-02,2,1321.87,0.1,2379.37,403.19,Retail Store
ORD-00286,CUST-0270,PROD-0160,2024-12-19,2,422.11,0.0,844.22,490.16,Online
ORD-00287,CUST-0368,PROD-0019,2023-01-14,5,1293.37,0.0,6466.85,2773.7,Retail Store
ORD-00288,CUST-0456,PROD-0214,2023-03-23,2,825.02,0.05,1567.54,811.46,Online
ORD-00289,CUST-0381,PROD-0241,2024-03-01,4,687.62,0.05,2612.96,748.76,Online
ORD-00290,CUST-0316,PROD-0069,2024-06-25,1,1108.31,0.0,1108.31,495.44,Online
ORD-00291,CUST-0484,PROD-0056,2024-06-15,1,766.15,0.05,727.84,418.2,Retail Store
ORD-00292,CUST-0098,PROD-0050,2024-06-22,3,889.1,0.0,2667.3,1285.26,Partner
ORD-00293,CUST-0286,PROD-0192,2024-07-25,2,651.63,0.0,1303.26,330.64,Retail Store
ORD-00294,CUST-0184,PROD-0173,2024-04-14,3,259.87,0.0,779.61,404.61,Online
ORD-00295,CUST-0406,PROD-0047,2024-07-17,2,220.02,0.0,440.04,123.2,Online
ORD-00296,CUST-0308,PROD-0114,2023-12-27,5,62.93,0.0,314.65,157.0,Partner
ORD-00297,CUST-0433,PROD-0096,2024-02-27,3,175.7,0.0,527.1,227.19,Direct Sales
ORD-00298,CUST-0312,PROD-0062,2024-07-30,2,755.93,0.0,1511.86,604.74,Retail Store
ORD-00299,CUST-0382,PROD-0066,2024-01-04,6,1287.61,0.0,7725.66,2416.26,Online
ORD-00300,CUST-0372,PROD-0009,2023-10-19,2,986.99,0.0,1973.98,907.46,Partner
ORD-00301,CUST-0155,PROD-0002,2023-11-04,8,895.27,0.0,7162.16,2008.08,Online
ORD-00302,CUST-0396,PROD-0211,2024-12-07,4,519.83,0.15,1767.42,220.74,Retail Store
ORD-00303,CUST-0293,PROD-0238,2024-08-08,1,810.3,0.0,810.3,377.55,Online
ORD-00304,CUST-0071,PROD-0068,2024-01-11,4,1041.39,0.0,4165.56,1346.84,Online
ORD-00305,CUST-0154,PROD-0024,2024-08-07,1,272.31,0.15,231.46,86.85,Direct Sales
ORD-00306,CUST-0371,PROD-0084,2024-05-09,1,52.63,0.1,47.37,12.78,Retail Store
ORD-00307,CUST-0296,PROD-0210,2023-04-08,2,1147.12,0.0,2294.24,862.92,Direct Sales
ORD-00308,CUST-0296,PROD-0098,2023-03-22,3,198.22,0.15,505.46,247.28,Online
ORD-00309,CUST-0451,PROD-0210,2024-03-20,2,1147.12,0.1,2064.82,633.5,Direct Sales
ORD-00310,CUST-0117,PROD-0192,2024-10-30,4,651.63,0.15,2215.54,270.3,Retail Store
ORD-00311,CUST-0324,PROD-0098,2023-02-25,1,198.22,0.0,198.22,112.16,Retail Store
ORD-00312,CUST-0077,PROD-0084,2024-05-29,3,52.63,0.0,157.89,54.12,Retail Store
ORD-00313,CUST-0202,PROD-0249,2024-04-01,3,869.45,0.0,2608.35,688.14,Online
ORD-00314,CUST-0222,PROD-0075,2024-02-08,1,591.08,0.0,591.08,261.79,Retail Store
ORD-00315,CUST-0382,PROD-0013,2024-07-15,1,1054.22,0.0,1054.22,377.83,Retail Store
ORD-00316,CUST-0397,PROD-0179,2023-05-14,3,627.75,0.0,1883.25,824.55,Online
ORD-00317,CUST-0203,PROD-0167,2024-08-08,1,683.63,0.05,649.45,243.66,Direct Sales
ORD-00318,CUST-0127,PROD-0063,2023-03-15,1,1193.81,0.0,1193.81,495.6,Retail Store
ORD-00319,CUST-0295,PROD-0023,2023-04-26,3,1407.11,0.0,4221.33,1928.7,Online
ORD-00320,CUST-0165,PROD-0089,2024-08-31,3,68.09,0.05,194.06,55.94,Online
ORD-00321,CUST-0180,PROD-0158,2024-03-28,2,612.33,0.0,1224.66,420.64,Partner
ORD-00322,CUST-0120,PROD-0052,2024-12-02,1,580.09,0.05,551.09,138.48,Direct Sales
ORD-00323,CUST-0058,PROD-0190,2023-02-25,1,234.34,0.05,222.62,95.09,Online
ORD-00324,CUST-0427,PROD-0210,2023-10-22,1,1147.12,0.05,1089.76,374.1,Online
ORD-00325,CUST-0231,PROD-0121,2023-01-24,1,59.67,0.05,56.69,26.95,Online
ORD-00326,CUST-0280,PROD-0134,2023-09-22,2,219.86,0.05,417.73,186.37,Partner
ORD-00327,CUST-0356,PROD-0179,2024-11-15,1,627.75,0.0,627.75,274.85,Retail Store
ORD-00328,CUST-0023,PROD-0066,2023-06-24,1,1287.61,0.0,1287.61,402.71,Retail Store
ORD-00329,CUST-0139,PROD-0014,2024-04-21,3,1380.91,0.0,4142.73,2291.97,Online
ORD-00330,CUST-0139,PROD-0170,2024-11-06,1,749.3,0.0,749.3,307.56,Online
ORD-00331,CUST-0453,PROD-0167,2024-01-31,1,683.63,0.0,683.63,277.84,Partner
ORD-00332,CUST-0051,PROD-0232,2023-11-20,2,1478.21,0.0,2956.42,1643.28,Online
ORD-00333,CUST-0102,PROD-0129,2024-04-13,2,177.35,0.05,336.96,145.7,Online
ORD-00334,CUST-0473,PROD-0136,2023-11-09,1,113.02,0.0,113.02,59.37,Online
ORD-00335,CUST-0178,PROD-0176,2023-12-27,1,245.74,0.0,245.74,78.57,Partner
ORD-00336,CUST-0257,PROD-0071,2023-03-05,2,122.07,0.1,219.73,91.67,Direct Sales
ORD-00337,CUST-0418,PROD-0008,2024-07-22,5,1126.0,0.0,5630.0,3032.2,Online
ORD-00338,CUST-0202,PROD-0169,2023-05-21,1,629.46,0.0,629.46,179.3,Partner
ORD-00339,CUST-0314,PROD-0224,2024-10-02,3,638.03,0.0,1914.09,882.18,Retail Store
ORD-00340,CUST-0219,PROD-0249,2023-11-16,5,869.45,0.0,4347.25,1146.9,Retail Store
ORD-00341,CUST-0106,PROD-0168,2023-05-22,2,638.38,0.05,1212.92,593.82,Online
ORD-00342,CUST-0071,PROD-0080,2024-12-06,3,505.65,0.0,1516.95,527.43,Online
ORD-00343,CUST-0466,PROD-0250,2023-05-29,3,1622.75,0.0,4868.25,1644.81,Online
ORD-00344,CUST-0035,PROD-0143,2024-06-29,5,151.5,0.0,757.5,371.1,Online
ORD-00345,CUST-0451,PROD-0038,2023-01-31,3,341.11,0.1,921.0,204.54,Online
ORD-00346,CUST-0211,PROD-0078,2024-03-29,3,874.54,0.1,2361.26,682.52,Retail Store
ORD-00347,CUST-0379,PROD-0071,2023-06-05,3,122.07,0.0,366.21,174.12,Online
ORD-00348,CUST-0391,PROD-0157,2024-09-23,1,764.76,0.0,764.76,249.28,Online
ORD-00349,CUST-0119,PROD-0060,2024-12-04,1,731.78,0.0,731.78,226.98,Direct Sales
ORD-00350,CUST-0069,PROD-0129,2024-09-11,2,177.35,0.05,336.96,145.7,Online
ORD-00351,CUST-0199,PROD-0126,2024-04-30,1,160.68,0.0,160.68,51.72,Online
ORD-00352,CUST-0392,PROD-0249,2023-01-16,5,869.45,0.15,3695.16,494.81,Online
ORD-00353,CUST-0344,PROD-0052,2023-07-29,1,580.09,0.15,493.08,80.47,Partner
ORD-00354,CUST-0444,PROD-0158,2024-05-16,3,612.33,0.1,1653.29,447.26,Direct Sales
ORD-00355,CUST-0219,PROD-0104,2023-02-12,2,201.04,0.1,361.87,125.49,Direct Sales
ORD-00356,CUST-0202,PROD-0157,2024-08-08,2,764.76,0.0,1529.52,498.56,Direct Sales
ORD-00357,CUST-0403,PROD-0010,2024-06-17,1,342.39,0.0,342.39,174.18,Direct Sales
ORD-00358,CUST-0450,PROD-0063,2024-06-15,2,1193.81,0.2,1910.1,513.68,Online
ORD-00359,CUST-0199,PROD-0133,2024-10-07,6,239.93,0.0,1439.58,797.28,Online
ORD-00360,CUST-0453,PROD-0078,2023-10-20,2,874.54,0.0,1749.08,629.92,Retail Store
ORD-00361,CUST-0028,PROD-0177,2024-06-13,5,389.57,0.0,1947.85,525.45,Retail Store
ORD-00362,CUST-0047,PROD-0185,2024-05-27,1,753.18,0.05,715.52,259.74,Partner
ORD-00363,CUST-0357,PROD-0140,2023-05-19,1,219.88,0.0,219.88,126.66,Online
ORD-00364,CUST-0233,PROD-0152,2023-07-26,4,453.24,0.0,1812.96,1034.72,Online
ORD-00365,CUST-0333,PROD-0233,2023-06-17,3,1501.91,0.0,4505.73,2470.23,Online
ORD-00366,CUST-0231,PROD-0163,2024-01-07,1,162.56,0.05,154.43,40.62,Direct Sales
ORD-00367,CUST-0500,PROD-0131,2024-09-18,5,126.48,0.0,632.4,368.75,Online
ORD-00368,CUST-0394,PROD-0044,2023-12-10,2,349.83,0.05,664.68,160.88,Online
ORD-00369,CUST-0445,PROD-0038,2023-07-03,3,341.11,0.0,1023.33,306.87,Online
ORD-00370,CUST-0374,PROD-0197,2024-04-01,1,760.85,0.0,760.85,194.83,Direct Sales
ORD-00371,CUST-0492,PROD-0052,2023-01-04,2,580.09,0.0,1160.18,334.96,Retail Store
ORD-00372,CUST-0438,PROD-0128,2024-07-10,4,149.67,0.05,568.75,309.75,Retail Store
ORD-00373,CUST-0112,PROD-0151,2024-11-06,2,521.43,0.0,1042.86,474.08,Online
ORD-00374,CUST-0308,PROD-0002,2023-09-08,4,895.27,0.0,3581.08,1004.04,Retail Store
ORD-00375,CUST-0420,PROD-0212,2023-08-01,1,1245.64,0.0,1245.64,429.43,Retail Store
ORD-00376,CUST-0019,PROD-0038,2023-02-03,3,341.11,0.1,921.0,204.54,Online
ORD-00377,CUST-0472,PROD-0023,2023-02-20,1,1407.11,0.2,1125.69,361.48,Online
ORD-00378,CUST-0146,PROD-0157,2024-11-07,3,764.76,0.0,2294.28,747.84,Direct Sales
ORD-00379,CUST-0091,PROD-0248,2024-04-11,3,968.61,0.0,2905.83,1097.25,Online
ORD-00380,CUST-0394,PROD-0077,2023-11-27,1,540.69,0.0,540.69,308.39,Online
ORD-00381,CUST-0219,PROD-0216,2024-07-17,1,878.16,0.0,878.16,281.26,Online
ORD-00382,CUST-0441,PROD-0071,2023-12-04,2,122.07,0.0,244.14,116.08,Retail Store
ORD-00383,CUST-0314,PROD-0015,2023-04-22,2,726.07,0.2,1161.71,290.43,Retail Store
ORD-00384,CUST-0045,PROD-0124,2024-12-06,2,76.56,0.05,145.46,77.1,Direct Sales
ORD-00385,CUST-0219,PROD-0156,2023-11-21,1,543.54,0.0,543.54,323.71,Retail Store
ORD-00386,CUST-0475,PROD-0034,2024-09-21,2,1177.0,0.0,2354.0,600.28,Retail Store
ORD-00387,CUST-0253,PROD-0207,2023-07-04,4,1442.15,0.0,5768.6,3010.44,Online
ORD-00388,CUST-0100,PROD-0001,2023-05-02,1,1153.39,0.05,1095.72,324.04,Online
ORD-00389,CUST-0435,PROD-0054,2024-09-22,8,1165.36,0.9,932.29,-25000.0,Online
ORD-00390,CUST-0287,PROD-0207,2024-10-14,1,1442.15,0.05,1370.04,680.5,Retail Store
ORD-00391,CUST-0131,PROD-0203,2023-03-11,1,220.05,0.0,220.05,120.65,Online
ORD-00392,CUST-0004,PROD-0030,2024-12-03,1,1017.48,0.0,1017.48,524.78,Retail Store
ORD-00393,CUST-0492,PROD-0008,2023-06-29,1,1126.0,0.1,1013.4,493.84,Partner
ORD-00394,CUST-0246,PROD-0235,2024-04-30,3,1660.83,0.05,4733.37,2718.81,Retail Store
ORD-00395,CUST-0322,PROD-0118,2024-07-03,4,219.95,0.0,879.8,262.4,Direct Sales
ORD-00396,CUST-0476,PROD-0191,2023-02-27,4,337.26,0.0,1349.04,506.0,Direct Sales
ORD-00397,CUST-0162,PROD-0143,2024-07-02,1,151.5,0.0,151.5,74.22,Online
ORD-00398,CUST-0470,PROD-0228,2023-12-29,1,1050.05,0.0,1050.05,321.02,Direct Sales
ORD-00399,CUST-0174,PROD-0097,2024-10-03,2,240.81,0.0,481.62,265.1,Retail Store
ORD-00400,CUST-0096,PROD-0153,2023-04-30,4,656.05,0.05,2492.99,1084.43,Direct Sales
ORD-00401,CUST-0162,PROD-0182,2023-02-02,1,245.13,0.0,245.13,144.41,Direct Sales
ORD-00402,CUST-0191,PROD-0116,2023-11-06,1,140.35,0.0,140.35,47.03,Online
ORD-00403,CUST-0402,PROD-0010,2023-07-26,5,342.39,0.0,1711.95,870.9,Online
ORD-00404,CUST-0248,PROD-0232,2024-05-27,1,1478.21,0.0,1478.21,821.64,Retail Store
ORD-00405,CUST-0448,PROD-0135,2023-11-14,3,226.91,0.0,680.73,335.64,Direct Sales
ORD-00406,CUST-0421,PROD-0241,2024-06-12,3,687.62,0.0,2062.86,664.71,Direct Sales
ORD-00407,CUST-0236,PROD-0100,2024-06-18,1,36.25,0.0,36.25,12.36,Online
ORD-00408,CUST-0435,PROD-0153,2023-03-31,1,656.05,0.1,590.44,238.3,Online
ORD-00409,CUST-0393,PROD-0169,2023-11-16,1,629.46,0.05,597.99,147.83,Retail Store
ORD-00410,CUST-0108,PROD-0083,2023-07-25,1,243.81,0.0,243.81,65.45,Online
ORD-00411,CUST-0226,PROD-0172,2023-05-01,1,203.9,0.0,203.9,92.38,Online
ORD-00412,CUST-0491,PROD-0160,2024-07-27,2,422.11,0.0,844.22,490.16,Online
ORD-00413,CUST-0164,PROD-0070,2023-05-25,5,187.95,0.1,845.77,151.17,Retail Store
ORD-00414,CUST-0088,PROD-0019,2023-11-15,2,1293.37,0.0,2586.74,1109.48,Online
ORD-00415,CUST-0067,PROD-0008,2024-04-27,5,1126.0,0.0,5630.0,3032.2,Online
ORD-00416,CUST-0045,PROD-0110,2024-02-06,1,230.6,0.0,230.6,124.89,Retail Store
ORD-00417,CUST-0429,PROD-0177,2024-12-17,2,389.57,0.0,779.14,210.18,Online
ORD-00418,CUST-0102,PROD-0183,2024-11-17,4,462.59,0.0,1850.36,1044.2,Partner
ORD-00419,CUST-0392,PROD-0120,2024-08-04,1,216.65,0.1,194.99,61.61,Partner
ORD-00420,CUST-0240,PROD-0025,2024-04-11,1,623.12,0.05,591.96,193.81,Direct Sales
ORD-00421,CUST-0241,PROD-0060,2023-08-18,1,731.78,0.1,658.6,153.8,Online
ORD-00422,CUST-0187,PROD-0101,2023-07-07,3,48.43,0.05,138.03,68.13,Direct Sales
ORD-00423,CUST-0452,PROD-0084,2024-04-09,2,52.63,0.0,105.26,36.08,Online
ORD-00424,CUST-0246,PROD-0119,2023-06-24,1,248.55,0.0,248.55,78.6,Retail Store
ORD-00425,CUST-0261,PROD-0027,2024-02-20,4,830.96,0.05,3157.65,1801.65,Online
ORD-00426,CUST-0333,PROD-0019,2023-11-06,2,1293.37,0.0,2586.74,1109.48,Online
ORD-00427,CUST-0318,PROD-0063,2024-07-15,1,1193.81,0.0,1193.81,495.6,Online
ORD-00428,CUST-0107,PROD-0209,2024-12-11,2,1790.4,0.05,3401.76,759.8,Online
ORD-00429,CUST-0404,PROD-0088,2024-07-11,3,26.6,0.0,79.8,29.07,Retail Store
ORD-00430,CUST-0379,PROD-0239,2024-08-10,4,797.0,0.0,3188.0,1222.96,Retail Store
ORD-00431,CUST-0167,PROD-0143,2023-04-10,4,151.5,0.0,606.0,296.88,Partner
ORD-00432,CUST-0036,PROD-0154,2023-04-22,3,532.37,0.0,1597.11,713.73,Direct Sales
ORD-00433,CUST-0168,PROD-0127,2024-10-22,3,133.75,0.0,401.25,188.91,Direct Sales
ORD-00434,CUST-0455,PROD-0149,2024-10-13,4,97.7,0.05,371.26,84.38,Retail Store
ORD-00435,CUST-0232,PROD-0137,2023-10-26,1,64.29,0.0,64.29,22.92,Online
ORD-00436,CUST-0349,PROD-0225,2023-11-21,1,771.05,0.05,732.5,323.95,Retail Store
ORD-00437,CUST-0471,PROD-0242,2024-03-21,3,285.01,0.15,726.78,124.74,Partner
ORD-00438,CUST-0299,PROD-0003,2024-09-18,8,673.4,0.0,5387.2,1655.68,Online
ORD-00439,CUST-0151,PROD-0016,2024-01-14,5,843.28,0.15,3583.94,783.59,Online
ORD-00440,CUST-0287,PROD-0211,2024-01-03,1,519.83,0.0,519.83,133.16,Online
ORD-00441,CUST-0222,PROD-0180,2024-08-27,1,564.54,0.0,564.54,201.03,Online
ORD-00442,CUST-0196,PROD-0112,2024-07-12,1,56.83,0.0,56.83,21.11,Online
ORD-00443,CUST-0285,PROD-0099,2024-01-04,4,86.54,0.0,346.16,193.76,Partner
ORD-00444,CUST-0344,PROD-0033,2023-05-18,1,795.53,0.05,755.75,348.74,Online
ORD-00445,CUST-0454,PROD-0125,2024-11-04,2,208.84,0.2,334.14,95.52,Online
ORD-00446,CUST-0329,PROD-0207,2024-03-01,4,1442.15,0.1,5191.74,2433.58,Retail Store
ORD-00447,CUST-0477,PROD-0109,2024-09-30,1,110.38,0.0,110.38,59.05,Retail Store
ORD-00448,CUST-0231,PROD-0099,2023-12-30,1,86.54,0.0,86.54,48.44,Online
ORD-00449,CUST-0256,PROD-0217,2023-08-31,3,244.66,0.0,733.98,396.69,Partner
ORD-00450,CUST-0296,PROD-0094,2023-02-04,6,201.1,0.0,1206.6,630.18,Direct Sales
ORD-00451,CUST-0058,PROD-0149,2024-05-08,6,97.7,0.0,586.2,155.88,Direct Sales
ORD-00452,CUST-0270,PROD-0220,2023-10-14,2,439.17,0.0,878.34,312.68,Direct Sales
ORD-00453,CUST-0046,PROD-0063,2024-04-28,2,1193.81,0.05,2268.24,871.82,Retail Store
ORD-00454,CUST-0351,PROD-0163,2024-07-06,3,162.56,0.0,487.68,146.25,Online
ORD-00455,CUST-0176,PROD-0137,2023-01-12,2,64.29,0.0,128.58,45.84,Retail Store
ORD-00456,CUST-0376,PROD-0085,2024-03-07,1,148.21,0.2,118.57,16.93,Online
ORD-00457,CUST-0086,PROD-0010,2024-12-12,5,342.39,0.05,1626.35,785.3,Direct Sales
ORD-00458,CUST-0289,PROD-0067,2023-03-04,2,645.58,0.0,1291.16,397.52,Retail Store
ORD-00459,CUST-0337,PROD-0075,2024-10-01,1,591.08,0.0,591.08,261.79,Online
ORD-00460,CUST-0040,PROD-0218,2023-10-12,1,1763.11,0.05,1674.95,761.16,Online
ORD-00461,CUST-0132,PROD-0004,2023-04-25,2,783.45,0.15,1331.87,224.29,Direct Sales
ORD-00462,CUST-0338,PROD-0115,2024-01-14,4,188.2,0.0,752.8,421.84,Direct Sales
ORD-00463,CUST-0249,PROD-0047,2024-06-24,4,220.02,0.0,880.08,246.4,Online
ORD-00464,CUST-0075,PROD-0153,2023-06-07,4,656.05,0.05,2492.99,1084.43,Online
ORD-00465,CUST-0197,PROD-0061,2024-11-07,2,1008.3,0.05,1915.77,841.45,Online
ORD-00466,CUST-0376,PROD-0216,2023-12-20,1,878.16,0.0,878.16,281.26,Direct Sales
ORD-00467,CUST-0027,PROD-0043,2024-04-20,1,760.74,0.0,760.74,452.36,Direct Sales
ORD-00468,CUST-0386,PROD-0237,2024-06-29,1,297.47,0.05,282.6,82.45,Online
ORD-00469,CUST-0135,PROD-0038,2024-06-27,4,341.11,0.0,1364.44,409.16,Partner
ORD-00470,CUST-0230,PROD-0098,2024-11-25,1,198.22,0.0,198.22,112.16,Partner
ORD-00471,CUST-0050,PROD-0235,2024-06-28,2,1660.83,0.15,2823.41,1480.37,Online
ORD-00472,CUST-0471,PROD-0167,2023-10-07,1,683.63,0.0,683.63,277.84,Online
ORD-00473,CUST-0336,PROD-0150,2024-02-05,2,150.97,0.05,286.84,68.56,Online
ORD-00474,CUST-0345,PROD-0151,2023-07-19,2,521.43,0.05,990.72,421.94,Partner
ORD-00475,CUST-0161,PROD-0141,2023-01-11,3,166.0,0.1,448.2,139.53,Online
ORD-00476,CUST-0051,PROD-0135,2023-04-17,3,226.91,0.0,680.73,335.64,Direct Sales
ORD-00477,CUST-0129,PROD-0050,2023-02-04,1,889.1,0.0,889.1,428.42,Partner
ORD-00478,CUST-0337,PROD-0229,2023-08-11,6,1693.09,0.05,9650.61,3550.89,Direct Sales
ORD-00479,CUST-0062,PROD-0023,2024-09-11,1,1407.11,0.05,1336.75,572.54,Direct Sales
ORD-00480,CUST-0290,PROD-0206,2023-07-09,4,938.5,0.05,3566.3,1647.82,Online
ORD-00481,CUST-0240,PROD-0170,2023-03-19,2,749.3,0.15,1273.81,390.33,Online
ORD-00482,CUST-0219,PROD-0178,2024-11-14,3,166.56,0.0,499.68,218.31,Online
ORD-00483,CUST-0038,PROD-0071,2023-03-05,1,122.07,0.0,122.07,58.04,Online
ORD-00484,CUST-0490,PROD-0209,2023-09-29,1,1790.4,0.0,1790.4,469.42,Partner
ORD-00485,CUST-0103,PROD-0157,2024-02-07,1,764.76,0.0,764.76,249.28,Online
ORD-00486,CUST-0394,PROD-0111,2023-08-12,2,85.5,0.0,171.0,81.12,Online
ORD-00487,CUST-0133,PROD-0027,2023-02-05,1,830.96,0.0,830.96,491.96,Online
ORD-00488,CUST-0229,PROD-0005,2024-05-24,1,503.72,0.05,478.53,196.94,Partner
ORD-00489,CUST-0341,PROD-0100,2023-09-30,1,36.25,0.0,36.25,12.36,Online
ORD-00490,CUST-0002,PROD-0132,2024-05-17,2,210.81,0.0,421.62,229.66,Direct Sales
ORD-00491,CUST-0416,PROD-0202,2023-03-13,2,458.46,0.0,916.92,508.28,Partner
ORD-00492,CUST-0419,PROD-0200,2024-05-08,1,191.18,0.0,191.18,55.72,Partner
ORD-00493,CUST-0171,PROD-0175,2023-11-07,2,345.76,0.05,656.94,365.26,Partner
ORD-00494,CUST-0047,PROD-0094,2024-07-01,4,201.1,0.0,804.4,420.12,Direct Sales
ORD-00495,CUST-0390,PROD-0197,2023-10-24,2,760.85,0.0,1521.7,389.66,Online
ORD-00496,CUST-0197,PROD-0170,2023-07-15,1,749.3,0.0,749.3,307.56,Online
ORD-00497,CUST-0353,PROD-0092,2024-05-13,1,229.46,0.05,217.99,72.82,Direct Sales
ORD-00498,CUST-0072,PROD-0010,2023-07-17,1,342.39,0.2,273.91,105.7,Online
ORD-00499,CUST-0200,PROD-0017,2024-07-07,2,1198.07,0.0,2396.14,668.44,Partner
ORD-00500,CUST-0416,PROD-0116,2023-01-17,1,140.35,0.0,140.35,47.03,Direct Sales
ORD-00501,CUST-0022,PROD-0104,2023-05-02,1,201.04,0.05,190.99,72.8,Retail Store
ORD-00502,CUST-0482,PROD-0174,2024-07-03,1,329.37,0.0,329.37,187.83,Partner
ORD-00503,CUST-0019,PROD-0189,2023-05-25,2,731.23,0.0,1462.46,649.18,Partner
ORD-00504,CUST-0317,PROD-0012,2023-09-06,3,1008.23,0.0,3024.69,1490.01,Online
ORD-00505,CUST-0026,PROD-0232,2023-11-11,4,1478.21,0.0,5912.84,3286.56,Retail Store
ORD-00506,CUST-0428,PROD-0152,2023-03-07,4,453.24,0.0,1812.96,1034.72,Retail Store
ORD-00507,CUST-0410,PROD-0158,2023-08-14,1,612.33,0.0,612.33,210.32,Online
ORD-00508,CUST-0428,PROD-0189,2024-11-25,2,731.23,0.0,1462.46,649.18,Retail Store
ORD-00509,CUST-0280,PROD-0036,2023-11-26,4,328.69,0.05,1249.02,564.62,Direct Sales
ORD-00510,CUST-0304,PROD-0045,2023-12-10,1,938.25,0.0,938.25,308.28,Direct Sales
ORD-00511,CUST-0087,PROD-0179,2024-01-14,2,627.75,0.0,1255.5,549.7,Partner
ORD-00512,CUST-0021,PROD-0035,2023-04-13,3,393.88,0.05,1122.56,286.07,Online
ORD-00513,CUST-0081,PROD-0005,2024-05-13,1,503.72,0.0,503.72,222.13,Partner
ORD-00514,CUST-0362,PROD-0167,2024-08-30,4,683.63,0.0,2734.52,1111.36,Direct Sales
ORD-00515,CUST-0396,PROD-0122,2024-12-09,1,244.96,0.0,244.96,65.32,Online
ORD-00516,CUST-0231,PROD-0106,2023-09-02,5,103.27,0.05,490.53,220.38,Online
ORD-00517,CUST-0093,PROD-0184,2024-05-26,2,672.78,0.0,1345.56,745.78,Direct Sales
ORD-00518,CUST-0155,PROD-0090,2024-03-04,1,153.5,0.0,153.5,42.49,Online
ORD-00519,CUST-0272,PROD-0025,2024-09-25,1,623.12,0.05,591.96,193.81,Retail Store
ORD-00520,CUST-0113,PROD-0119,2024-10-03,3,248.55,0.0,745.65,235.8,Online
ORD-00521,CUST-0408,PROD-0039,2024-12-02,4,1224.2,0.15,4162.28,1248.44,Retail Store
ORD-00522,CUST-0082,PROD-0172,2023-02-14,1,203.9,0.0,203.9,92.38,Online
ORD-00523,CUST-0129,PROD-0086,2024-09-23,4,233.7,0.05,888.06,455.26,Online
ORD-00524,CUST-0380,PROD-0014,2024-07-04,1,1380.91,0.05,1311.86,694.94,Retail Store
ORD-00525,CUST-0060,PROD-0019,2023-08-29,3,1293.37,0.0,3880.11,1664.22,Online
ORD-00526,CUST-0102,PROD-0192,2024-11-24,4,651.63,0.0,2606.52,661.28,Online
ORD-00527,CUST-0117,PROD-0026,2023-08-31,3,1321.87,0.1,3569.05,604.78,Online
ORD-00528,CUST-0113,PROD-0019,2024-04-27,2,1293.37,0.0,2586.74,1109.48,Online
ORD-00529,CUST-0111,PROD-0238,2024-09-16,2,810.3,0.0,1620.6,755.1,Online
ORD-00530,CUST-0369,PROD-0050,2024-10-09,1,889.1,0.0,889.1,428.42,Online
ORD-00531,CUST-0017,PROD-0178,2024-08-05,1,166.56,0.0,166.56,72.77,Direct Sales
ORD-00532,CUST-0235,PROD-0108,2023-06-25,3,85.16,0.0,255.48,119.91,Online
ORD-00533,CUST-0081,PROD-0203,2024-10-15,6,220.05,0.15,1122.26,525.86,Retail Store
ORD-00534,CUST-0284,PROD-0219,2023-08-24,1,1218.11,0.1,1096.3,350.13,Retail Store
ORD-00535,CUST-0111,PROD-0152,2024-04-29,4,453.24,0.0,1812.96,1034.72,Direct Sales
ORD-00536,CUST-0377,PROD-0224,2023-09-10,1,638.03,0.0,638.03,294.06,Online
ORD-00537,CUST-0475,PROD-0152,2023-06-02,5,453.24,0.1,2039.58,1066.78,Online
ORD-00538,CUST-0023,PROD-0011,2024-04-26,3,714.36,0.0,2143.08,856.14,Online
ORD-00539,CUST-0202,PROD-0123,2024-12-14,4,173.03,0.0,692.12,224.96,Online
ORD-00540,CUST-0286,PROD-0193,2023-01-13,3,636.08,,1908.24,767.16,Online
ORD-00541,CUST-0184,PROD-0076,2023-09-02,2,807.67,0.0,1615.34,631.72,Retail Store
ORD-00542,CUST-0157,PROD-0042,2024-12-21,2,136.16,0.0,272.32,99.4,Retail Store
ORD-00543,CUST-0500,PROD-0117,2024-04-19,3,141.12,0.1,381.02,88.67,Online
ORD-00544,CUST-0405,PROD-0224,2024-01-15,2,638.03,0.05,1212.26,524.32,Online
ORD-00545,CUST-0322,PROD-0019,2024-01-30,4,1293.37,0.0,5173.48,2218.96,Online
ORD-00546,CUST-0219,PROD-0193,2023-10-04,3,636.08,0.05,1812.83,671.75,Retail Store
ORD-00547,CUST-0107,PROD-0202,2024-12-02,1,458.46,0.1,412.61,208.29,Direct Sales
ORD-00548,CUST-0029,PROD-0132,2024-11-21,1,210.81,0.0,210.81,114.83,Online
ORD-00549,CUST-0239,PROD-0159,2023-02-11,1,655.33,0.0,655.33,378.55,Retail Store
ORD-00550,CUST-0035,PROD-0144,2023-07-29,1,164.71,0.0,164.71,57.25,Retail Store
ORD-00551,CUST-0333,PROD-0123,2024-08-17,4,173.03,0.05,657.51,190.35,Direct Sales
ORD-00552,CUST-0390,PROD-0058,2023-11-25,1,1224.76,0.0,1224.76,671.03,Retail Store
ORD-00553,CUST-0142,PROD-0014,2023-03-06,1,1380.91,0.0,1380.91,763.99,Retail Store
ORD-00554,CUST-0425,PROD-0032,2024-04-26,3,142.82,0.05,407.04,119.28,Retail Store
ORD-00555,CUST-0150,PROD-0116,2024-09-27,1,140.35,0.05,133.33,40.01,Retail Store
ORD-00556,CUST-0482,PROD-0227,2023-03-09,1,282.46,0.1,254.21,75.17,Online
ORD-00557,CUST-0201,PROD-0230,2023-07-03,1,1320.03,0.15,1122.03,362.04,Online
ORD-00558,CUST-0142,PROD-0029,2024-12-14,1,571.55,0.0,571.55,320.36,Online
ORD-00559,CUST-0488,PROD-0161,2023-01-24,1,241.34,0.15,205.14,60.13,Retail Store
ORD-00560,CUST-0068,PROD-0122,2023-12-22,2,244.96,0.05,465.42,106.14,Online
ORD-00561,CUST-0097,PROD-0017,2023-01-23,4,1198.07,0.0,4792.28,1336.88,Partner
ORD-00562,CUST-0331,PROD-0086,2024-02-26,2,233.7,0.05,444.03,227.63,Direct Sales
ORD-00563,CUST-0249,PROD-0152,2024-11-12,3,453.24,0.1,1223.75,640.07,Online
ORD-00564,CUST-0156,PROD-0146,2023-05-16,4,55.28,0.0,221.12,72.0,Direct Sales
ORD-00565,CUST-0117,PROD-0124,2024-01-16,6,76.56,0.05,436.39,231.31,Online
ORD-00566,CUST-0181,PROD-0073,2024-04-11,6,1213.24,0.05,6915.47,2190.47,Online
ORD-00567,CUST-0275,PROD-0074,2023-07-06,6,299.07,0.1,1614.98,305.0,Retail Store
ORD-00568,CUST-0342,PROD-0204,2023-06-07,1,1565.92,0.0,1565.92,413.1,Partner
ORD-00569,CUST-0295,PROD-0033,2024-03-27,1,795.53,0.0,795.53,388.52,Retail Store
ORD-00570,CUST-0018,PROD-0171,2023-11-21,6,763.24,0.0,4579.44,1694.16,Online
ORD-00571,CUST-0500,PROD-0042,2024-06-30,1,136.16,0.15,115.74,29.28,Online
ORD-00572,CUST-0256,PROD-0197,2023-05-29,5,760.85,0.15,3233.61,403.51,Online
ORD-00573,CUST-0497,PROD-0190,2024-07-13,6,234.34,0.0,1406.04,640.86,Direct Sales
ORD-00574,CUST-0243,PROD-0230,2023-10-24,6,1320.03,0.05,7524.17,2964.23,Partner
ORD-00575,CUST-0342,PROD-0038,2024-08-01,3,341.11,0.15,869.83,153.37,Online
ORD-00576,CUST-0058,PROD-0188,2024-05-05,5,666.26,0.0,3331.3,1964.4,Retail Store
ORD-00577,CUST-0158,PROD-0007,2024-02-16,2,1228.52,0.0,2457.04,856.26,Online
ORD-00578,CUST-0168,PROD-0015,2024-09-14,2,726.07,0.0,1452.14,580.86,Online
ORD-00579,CUST-0480,PROD-0197,2023-10-12,1,760.85,0.0,760.85,194.83,Direct Sales
ORD-00580,CUST-0347,PROD-0172,2023-03-31,6,203.9,0.0,1223.4,554.28,Retail Store
ORD-00581,CUST-0309,PROD-0155,2024-06-07,5,114.66,0.15,487.3,167.0,Online
ORD-00582,CUST-0076,PROD-0184,2024-03-13,1,672.78,0.0,672.78,372.89,Online
ORD-00583,CUST-0180,PROD-0079,2024-04-01,4,277.15,0.0,1108.6,496.52,Direct Sales
ORD-00584,CUST-0228,PROD-0190,2024-03-01,4,234.34,0.0,937.36,427.24,Direct Sales
ORD-00585,CUST-0497,PROD-0230,2024-03-10,3,1320.03,0.0,3960.09,1680.12,Direct Sales
ORD-00586,CUST-0307,PROD-0023,2023-05-28,1,1407.11,0.0,1407.11,642.9,Direct Sales
ORD-00587,CUST-0172,PROD-0017,2024-08-27,3,1198.07,0.0,3594.21,1002.66,Online
ORD-00588,CUST-0469,PROD-0070,2024-02-29,1,187.95,0.0,187.95,49.03,Retail Store
ORD-00589,CUST-0469,PROD-0036,2023-07-24,1,328.69,0.0,328.69,157.59,Retail Store
ORD-00590,CUST-0022,PROD-0211,2023-11-06,4,519.83,0.0,2079.32,532.64,Retail Store
ORD-00591,CUST-0238,PROD-0058,2023-01-28,3,1224.76,0.0,3674.28,2013.09,Online
ORD-00592,CUST-0328,PROD-0214,2024-10-13,2,825.02,0.05,1567.54,811.46,Direct Sales
ORD-00593,CUST-0214,PROD-0046,2024-05-18,5,742.08,0.05,3524.88,894.28,Online
ORD-00594,CUST-0392,PROD-0071,2024-05-19,8,122.07,0.0,976.56,464.32,Direct Sales
ORD-00595,CUST-0298,PROD-0124,2024-08-02,2,76.56,0.0,153.12,84.76,Retail Store
ORD-00596,CUST-0499,PROD-0178,2023-05-03,1,166.56,0.05,158.23,64.44,Online
ORD-00597,CUST-0133,PROD-0042,2024-08-18,1,136.16,0.0,136.16,49.7,Direct Sales
ORD-00598,CUST-0070,PROD-0092,2023-06-17,1,229.46,0.0,229.46,84.29,Retail Store
ORD-00599,CUST-0490,PROD-0092,2023-02-19,1,229.46,0.0,229.46,84.29,Partner
ORD-00600,CUST-0264,PROD-0050,2024-10-05,1,889.1,0.0,889.1,428.42,Direct Sales
ORD-00601,CUST-0279,PROD-0083,2023-11-20,4,243.81,0.05,926.48,213.04,Online
ORD-00602,CUST-0351,PROD-0179,2024-12-05,1,627.75,0.0,627.75,274.85,Online
ORD-00603,CUST-0074,PROD-0004,2023-05-21,2,783.45,0.0,1566.9,459.32,Retail Store
ORD-00604,CUST-0175,PROD-0236,2023-06-16,1,816.26,0.0,816.26,447.42,Online
ORD-00605,CUST-0097,PROD-0204,2024-07-26,2,1565.92,0.1,2818.66,513.02,Retail Store
ORD-00606,CUST-0273,PROD-0183,2024-07-18,3,462.59,0.1,1248.99,644.37,Online
ORD-00607,CUST-0470,PROD-0020,2023-04-30,4,804.73,0.15,2736.08,933.88,Retail Store
ORD-00608,CUST-0160,PROD-0177,2024-01-07,1,389.57,0.0,389.57,105.09,Partner
ORD-00609,CUST-0268,PROD-0196,2023-12-17,1,542.65,0.0,542.65,170.55,Direct Sales
ORD-00610,CUST-0061,PROD-0057,2023-05-12,4,1105.51,0.0,4422.04,1573.12,Online
ORD-00611,CUST-0065,PROD-0054,2023-05-14,8,1165.36,0.0,9322.88,3286.24,Direct Sales
ORD-00612,CUST-0058,PROD-0020,2023-01-20,3,804.73,0.05,2293.48,941.83,Online
ORD-00613,CUST-0056,PROD-0009,2024-11-06,2,986.99,0.0,1973.98,907.46,Online
ORD-00614,CUST-0130,PROD-0012,2023-03-09,1,1008.23,0.0,1008.23,496.67,Online
ORD-00615,CUST-0064,PROD-0236,2024-09-08,1,816.26,0.15,98500.0,45000.0,Online
ORD-00616,CUST-0180,PROD-0008,2023-04-03,1,1126.0,0.05,1069.7,550.14,Online
ORD-00617,CUST-0297,PROD-0090,2023-12-27,1,153.5,0.0,153.5,42.49,Direct Sales
ORD-00618,CUST-0124,PROD-0130,2024-08-06,1,128.73,0.1,115.86,39.71,Direct Sales
ORD-00619,CUST-0271,PROD-0056,2023-07-16,6,766.15,0.0,4596.9,2739.06,Direct Sales
ORD-00620,CUST-0003,PROD-0250,2023-04-12,5,1622.75,0.15,6896.69,1524.29,Direct Sales
ORD-00621,CUST-0244,PROD-0094,2024-12-15,2,201.1,0.0,402.2,210.06,Partner
ORD-00622,CUST-0093,PROD-0214,2023-12-30,8,825.02,0.0,6600.16,3575.84,Retail Store
ORD-00623,CUST-0209,PROD-0029,2023-11-18,1,571.55,0.0,571.55,320.36,Online
ORD-00624,CUST-0391,PROD-0093,2023-10-23,2,20.63,0.0,41.26,18.98,Online
ORD-00625,CUST-0060,PROD-0099,2023-10-18,2,86.54,0.05,164.43,88.23,Retail Store
ORD-00626,CUST-0431,PROD-0114,2023-08-20,2,62.93,0.0,125.86,62.8,Direct Sales
ORD-00627,CUST-0097,PROD-0220,2023-03-13,4,439.17,0.1,1581.01,449.69,Partner
ORD-00628,CUST-0189,PROD-0046,2023-01-14,8,742.08,0.0,5936.64,1727.68,Online
ORD-00629,CUST-0225,PROD-0134,2024-11-05,3,219.86,0.0,659.58,312.54,Online
ORD-00630,CUST-0356,PROD-0152,2023-04-15,3,453.24,0.1,1223.75,640.07,Online
ORD-00631,CUST-0187,PROD-0250,2023-07-23,1,1622.75,0.0,1622.75,548.27,Partner
ORD-00632,CUST-0063,PROD-0060,2024-03-10,3,731.78,0.0,2195.34,680.94,Direct Sales
ORD-00633,CUST-0298,PROD-0152,2023-10-07,3,453.24,0.1,1223.75,640.07,Partner
ORD-00634,CUST-0183,PROD-0122,2024-11-13,2,244.96,0.0,489.92,130.64,Retail Store
ORD-00635,CUST-0143,PROD-0038,2024-04-10,1,341.11,0.0,341.11,102.29,Retail Store
ORD-00636,CUST-0322,PROD-0242,2023-05-18,1,285.01,0.05,270.76,70.08,Direct Sales
ORD-00637,CUST-0256,PROD-0174,2023-01-28,6,329.37,0.0,1976.22,1126.98,Retail Store
ORD-00638,CUST-0079,PROD-0078,2024-09-28,2,874.54,0.05,1661.63,542.47,Retail Store
ORD-00639,CUST-0267,PROD-0197,2024-05-19,3,760.85,0.0,2282.55,584.49,Retail Store
ORD-00640,CUST-0252,PROD-0130,2023-09-25,2,128.73,0.1,231.71,79.41,Retail Store
ORD-00641,CUST-0010,PROD-0244,2023-02-02,8,1504.27,0.1,10830.74,2896.26,Online
ORD-00642,CUST-0231,PROD-0081,2024-01-21,2,56.93,0.0,113.86,30.5,Online
ORD-00643,CUST-0338,PROD-0221,2023-11-07,4,619.63,0.0,2478.52,1403.92,Online
ORD-00644,CUST-0160,PROD-0184,2024-02-03,2,672.78,0.0,1345.56,745.78,Retail Store
ORD-00645,CUST-0338,PROD-0142,2024-12-02,2,157.86,0.0,315.72,90.36,Retail Store
ORD-00646,CUST-0081,PROD-0130,2023-02-27,1,128.73,0.0,128.73,52.58,Partner
ORD-00647,CUST-0316,PROD-0174,2023-12-28,3,329.37,0.0,988.11,563.49,Online
ORD-00648,CUST-0303,PROD-0012,2023-05-12,4,1008.23,0.0,4032.92,1986.68,Direct Sales
ORD-00649,CUST-0014,PROD-0196,2024-10-02,1,542.65,0.0,542.65,170.55,Online
ORD-00650,CUST-0183,PROD-0106,2023-12-26,1,103.27,0.0,103.27,49.24,Online
ORD-00651,CUST-0160,PROD-0152,2023-03-28,5,453.24,0.0,2266.2,1293.4,Online
ORD-00652,CUST-0173,PROD-0044,2023-01-21,2,349.83,0.0,699.66,195.86,Retail Store
ORD-00653,CUST-0217,PROD-0146,2024-06-11,5,55.28,0.0,276.4,90.0,Retail Store
ORD-00654,CUST-0302,PROD-0006,2023-11-21,1,851.49,0.0,851.49,371.41,Retail Store
ORD-00655,CUST-0414,PROD-0126,2023-04-13,3,160.68,0.0,482.04,155.16,Retail Store
ORD-00656,CUST-0416,PROD-0196,2024-11-14,1,542.65,0.05,515.52,143.42,Online
ORD-00657,CUST-0224,PROD-0052,2024-05-23,2,580.09,0.2,928.14,102.92,Online
ORD-00658,CUST-0436,PROD-0138,2023-08-08,1,216.48,0.0,216.48,112.54,Partner
ORD-00659,CUST-0206,PROD-0206,2023-08-20,2,938.5,0.15,1595.45,636.21,Direct Sales
ORD-00660,CUST-0297,PROD-0025,2024-08-29,1,623.12,0.0,623.12,224.97,Direct Sales
ORD-00661,CUST-0244,PROD-0110,2023-08-03,1,230.6,0.0,230.6,124.89,Direct Sales
ORD-00662,CUST-0259,PROD-0206,2023-11-04,2,938.5,0.0,1877.0,917.76,Online
ORD-00663,CUST-0206,PROD-0065,2024-10-01,2,185.57,0.05,352.58,199.86,Retail Store
ORD-00664,CUST-0452,PROD-0005,2024-10-04,3,503.72,0.1,1360.04,515.27,Retail Store
ORD-00665,CUST-0110,PROD-0170,2024-04-23,1,749.3,0.05,711.83,270.09,Direct Sales
ORD-00666,CUST-0437,PROD-0197,2024-03-20,5,760.85,0.05,3614.04,783.94,Online
ORD-00667,CUST-0103,PROD-0094,2024-04-18,1,201.1,0.0,201.1,105.03,Retail Store
ORD-00668,CUST-0154,PROD-0217,2024-03-21,2,244.66,0.1,440.39,215.53,Partner
ORD-00669,CUST-0325,PROD-0053,2024-02-27,1,1439.28,0.0,1439.28,451.5,Online
ORD-00670,CUST-0352,PROD-0154,2023-08-30,2,532.37,0.0,1064.74,475.82,Online
ORD-00671,CUST-0126,PROD-0205,2023-11-14,2,685.42,0.0,1370.84,667.72,Online
ORD-00672,CUST-0332,PROD-0232,2023-02-07,1,1478.21,0.0,1478.21,821.64,Online
ORD-00673,CUST-0405,PROD-0206,2023-10-12,3,938.5,0.0,2815.5,1376.64,Direct Sales
ORD-00674,CUST-0494,PROD-0185,2024-05-12,3,753.18,0.0,2259.54,892.2,Direct Sales
ORD-00675,CUST-0161,PROD-0155,2023-11-02,4,114.66,0.15,389.84,133.6,Online
ORD-00676,CUST-0187,PROD-0172,2024-11-04,4,203.9,0.0,815.6,369.52,Direct Sales
ORD-00677,CUST-0432,PROD-0036,2023-08-30,1,328.69,0.05,312.26,141.16,Partner
ORD-00678,CUST-0268,PROD-0171,2024-08-17,5,763.24,0.15,3243.77,839.37,Online
ORD-00679,CUST-0453,PROD-0024,2023-09-01,2,272.31,0.05,517.39,228.17,Online
ORD-00680,CUST-0427,PROD-0150,2024-02-04,4,150.97,0.05,573.69,137.13,Partner
ORD-00681,CUST-0112,PROD-0037,2023-04-20,1,1033.31,0.15,878.31,411.02,Online
ORD-00682,CUST-0131,PROD-0221,2024-08-26,1,619.63,0.0,619.63,350.98,Retail Store
ORD-00683,CUST-0058,PROD-0082,2024-07-12,2,101.17,0.05,192.22,80.78,Partner
ORD-00684,CUST-0451,PROD-0201,2023-05-29,1,214.36,0.05,203.64,72.76,Direct Sales
ORD-00685,CUST-0011,PROD-0166,2024-09-12,1,436.83,0.05,414.99,178.96,Direct Sales
ORD-00686,CUST-0028,PROD-0177,2024-11-18,1,389.57,0.0,389.57,105.09,Online
ORD-00687,CUST-0491,PROD-0180,2024-01-07,5,564.54,0.05,2681.56,864.01,Retail Store
ORD-00688,CUST-0122,PROD-0220,2024-03-29,1,439.17,0.15,373.29,90.46,Online
ORD-00689,CUST-0470,PROD-0066,2023-11-05,1,1287.61,0.1,1158.85,273.95,Online
ORD-00690,CUST-0108,PROD-0221,2023-06-14,5,619.63,0.05,2943.24,1599.99,Direct Sales
ORD-00691,CUST-0393,PROD-0165,2024-02-21,3,108.42,0.0,325.26,138.0,Online
ORD-00692,CUST-0400,PROD-0241,2024-05-18,2,687.62,0.0,1375.24,443.14,Direct Sales
ORD-00693,CUST-0368,PROD-0109,2023-04-13,4,110.38,0.05,419.44,214.12,Retail Store
ORD-00694,CUST-0181,PROD-0108,2024-09-08,3,85.16,0.0,255.48,119.91,Online
ORD-00695,CUST-0356,PROD-0008,2023-02-23,2,1126.0,0.0,2252.0,1212.88,Online
ORD-00696,CUST-0329,PROD-0035,2023-01-04,2,393.88,0.05,748.37,190.71,Online
ORD-00697,CUST-0043,PROD-0029,2023-06-11,1,571.55,0.05,542.97,291.78,Direct Sales
ORD-00698,CUST-0333,PROD-0196,2023-05-14,4,542.65,0.05,2062.07,573.67,Direct Sales
ORD-00699,CUST-0164,PROD-0116,2024-05-04,4,140.35,0.0,561.4,188.12,Online
ORD-00700,CUST-0304,PROD-0212,2023-12-02,3,1245.64,0.0,3736.92,1288.29,Online
ORD-00701,CUST-0094,PROD-0101,2024-01-22,5,48.43,0.1,217.94,101.44,Online
ORD-00702,CUST-0486,PROD-0006,2024-07-25,2,851.49,0.05,1617.83,657.67,Partner
ORD-00703,CUST-0499,PROD-0119,2023-07-23,1,248.55,0.1,223.7,53.75,Online
ORD-00704,CUST-0317,PROD-0110,2024-09-06,1,230.6,0.0,230.6,124.89,Online
ORD-00705,CUST-0485,PROD-0146,2023-05-01,1,55.28,0.0,55.28,18.0,Direct Sales
ORD-00706,CUST-0476,PROD-0117,2024-11-20,2,141.12,0.0,282.24,87.34,Online
ORD-00707,CUST-0485,PROD-0221,2023-09-30,1,619.63,0.0,619.63,350.98,Online
ORD-00708,CUST-0439,PROD-0053,2024-09-06,1,1439.28,0.1,1295.35,307.57,Direct Sales
ORD-00709,CUST-0097,PROD-0108,2023-07-04,2,85.16,0.0,170.32,79.94,Online
ORD-00710,CUST-0135,PROD-0061,2024-09-24,2,1008.3,0.0,2016.6,942.28,Retail Store
ORD-00711,CUST-0332,PROD-0118,2023-03-29,1,219.95,0.0,219.95,65.6,Online
ORD-00712,CUST-0355,PROD-0102,2024-12-04,1,54.73,0.0,54.73,18.71,Online
ORD-00713,CUST-0306,PROD-0066,2023-03-16,1,1287.61,0.0,1287.61,402.71,Online
ORD-00714,CUST-0121,PROD-0121,2023-12-29,8,59.67,0.15,405.76,167.84,Partner
ORD-00715,CUST-0307,PROD-0182,2023-02-16,1,245.13,0.0,245.13,144.41,Online
ORD-00716,CUST-0203,PROD-0172,2024-01-15,1,203.9,0.1,183.51,71.99,Online
ORD-00717,CUST-0092,PROD-0067,2023-06-23,2,645.58,0.15,1097.49,203.85,Direct Sales
ORD-00718,CUST-0068,PROD-0023,2023-11-21,3,1407.11,0.0,4221.33,1928.7,Online
ORD-00719,CUST-0161,PROD-0012,2023-05-11,2,1008.23,0.2,1613.17,590.05,Online
ORD-00720,CUST-0185,PROD-0238,2024-03-16,1,810.3,0.1,729.27,296.52,Retail Store
ORD-00721,CUST-0390,PROD-0238,2023-09-28,2,810.3,0.0,1620.6,755.1,Online
ORD-00722,CUST-0378,PROD-0126,2023-06-04,2,160.68,0.15,273.16,55.24,Retail Store
ORD-00723,CUST-0226,PROD-0014,2023-07-13,1,1380.91,0.0,1380.91,763.99,Online
ORD-00724,CUST-0134,PROD-0042,2024-04-23,2,136.16,0.2,217.86,44.94,Partner
ORD-00725,CUST-0021,PROD-0114,2024-01-01,8,62.93,0.0,503.44,251.2,Retail Store
ORD-00726,CUST-0058,PROD-0217,2023-06-01,1,244.66,0.0,244.66,132.23,Direct Sales
ORD-00727,CUST-0093,PROD-0214,2023-06-22,3,825.02,0.1,2227.55,1093.43,Retail Store
ORD-00728,CUST-0340,PROD-0150,2023-08-06,2,150.97,0.2,241.55,23.27,Retail Store
ORD-00729,CUST-0293,PROD-0047,2024-03-02,5,220.02,0.0,1100.1,308.0,Retail Store
ORD-00730,CUST-0049,PROD-0228,2023-12-03,1,1050.05,0.05,997.55,268.52,Retail Store
ORD-00731,CUST-0202,PROD-0096,2024-08-27,5,175.7,0.0,878.5,378.65,Online
ORD-00732,CUST-0015,PROD-0021,2024-04-16,4,873.49,0.05,3319.26,1610.5,Retail Store
ORD-00733,CUST-0490,PROD-0069,2024-08-31,3,1108.31,0.0,3324.93,1486.32,Online
ORD-00734,CUST-0319,PROD-0244,2024-04-08,1,1504.27,0.05,1429.06,437.25,Direct Sales
ORD-00735,CUST-0491,PROD-0205,2024-08-05,1,685.42,0.1,616.88,265.32,Direct Sales
ORD-00736,CUST-0145,PROD-0083,2023-02-26,3,243.81,0.0,731.43,196.35,Retail Store
ORD-00737,CUST-0048,PROD-0103,2023-09-19,1,152.13,0.15,129.31,57.5,Direct Sales
ORD-00738,CUST-0046,PROD-0006,2023-08-02,1,851.49,0.05,808.92,328.84,Online
ORD-00739,CUST-0386,PROD-0245,2024-10-31,1,1449.7,0.0,1449.7,836.53,Direct Sales
ORD-00740,CUST-0377,PROD-0207,2023-11-14,5,1442.15,0.05,6850.21,3402.51,Online
ORD-00741,CUST-0050,PROD-0214,2024-01-12,2,825.02,0.0,1650.04,893.96,Direct Sales
ORD-00742,CUST-0244,PROD-0069,2024-07-30,2,1108.31,0.0,2216.62,990.88,Online
ORD-00743,CUST-0189,PROD-0158,2023-07-10,2,612.33,0.0,1224.66,420.64,Online
ORD-00744,CUST-0175,PROD-0250,2024-04-19,3,1622.75,0.05,4624.84,1401.4,Direct Sales
ORD-00745,CUST-0477,PROD-0127,2024-06-23,2,133.75,0.0,267.5,125.94,Online
ORD-00746,CUST-0224,PROD-0021,2024-05-04,1,873.49,0.2,698.79,271.6,Retail Store
ORD-00747,CUST-0154,PROD-0216,2023-09-12,2,878.16,0.0,1756.32,562.52,Online
ORD-00748,CUST-0040,PROD-0235,2023-02-16,2,1660.83,0.0,3321.66,1978.62,Online
ORD-00749,CUST-0238,PROD-0170,2024-08-05,4,749.3,0.0,2997.2,1230.24,Retail Store
ORD-00750,CUST-0394,PROD-0129,2023-01-17,1,177.35,0.05,168.48,72.85,Online
ORD-00751,CUST-0094,PROD-0216,2024-02-07,1,878.16,0.0,878.16,281.26,Direct Sales
ORD-00752,CUST-0161,PROD-0151,2024-04-10,3,521.43,0.0,1564.29,711.12,Direct Sales
ORD-00753,CUST-0175,PROD-0248,2023-07-11,1,968.61,0.0,968.61,365.75,Partner
ORD-00754,CUST-0133,PROD-0224,2024-11-20,1,638.03,0.0,638.03,294.06,Online
ORD-00755,CUST-0060,PROD-0004,2023-06-25,3,783.45,0.0,2350.35,688.98,Online
ORD-00756,CUST-0337,PROD-0248,2024-09-08,3,968.61,0.0,2905.83,1097.25,Direct Sales
ORD-00757,CUST-0316,PROD-0093,2024-12-08,3,20.63,0.05,58.8,25.38,Online
ORD-00758,CUST-0155,PROD-0023,2023-05-09,1,1407.11,0.0,1407.11,642.9,Direct Sales
ORD-00759,CUST-0357,PROD-0249,2023-07-12,4,869.45,0.0,3477.8,917.52,Retail Store
ORD-00760,CUST-0333,PROD-0062,2024-03-22,4,755.93,0.1,2721.35,907.12,Retail Store
ORD-00761,CUST-0045,PROD-0078,2024-04-19,1,874.54,0.0,874.54,314.96,Online
ORD-00762,CUST-0463,PROD-0040,2024-12-20,2,631.56,0.0,1263.12,559.02,Online
ORD-00763,CUST-0231,PROD-0150,2023-09-06,1,150.97,0.0,150.97,41.83,Direct Sales
ORD-00764,CUST-0027,PROD-0086,2023-01-09,1,233.7,0.1,210.33,102.13,Online
ORD-00765,CUST-0213,PROD-0218,2024-05-22,3,1763.11,0.0,5289.33,2547.96,Retail Store
ORD-00766,CUST-0149,PROD-0010,2024-05-14,1,342.39,0.0,342.39,174.18,Direct Sales
ORD-00767,CUST-0479,PROD-0174,2024-05-14,1,329.37,0.0,329.37,187.83,Online
ORD-00768,CUST-0296,PROD-0081,2024-07-20,1,56.93,0.1,51.24,9.56,Online
ORD-00769,CUST-0243,PROD-0030,2024-05-21,2,1017.48,0.05,1933.21,947.81,Online
ORD-00770,CUST-0224,PROD-0006,2023-06-15,1,851.49,0.0,851.49,371.41,Online
ORD-00771,CUST-0119,PROD-0130,2023-08-13,2,128.73,0.05,244.59,92.29,Partner
ORD-00772,CUST-0437,PROD-0216,2024-11-03,2,878.16,0.1,1580.69,386.89,Direct Sales
ORD-00773,CUST-0200,PROD-0246,2024-03-02,4,1597.28,0.05,6069.66,3449.26,Direct Sales
ORD-00774,CUST-0408,PROD-0121,2023-06-15,2,59.67,0.0,119.34,59.86,Direct Sales
ORD-00775,CUST-0342,PROD-0124,2023-05-13,1,76.56,0.0,76.56,42.38,Retail Store
ORD-00776,CUST-0407,PROD-0107,2024-05-20,1,205.3,0.0,205.3,79.03,Online
ORD-00777,CUST-0010,PROD-0092,2023-09-25,1,229.46,0.0,229.46,84.29,Direct Sales
ORD-00778,CUST-0458,PROD-0129,2023-02-02,4,177.35,0.0,709.4,326.88,Online
ORD-00779,CUST-0117,PROD-0031,2024-07-29,1,223.27,0.0,223.27,130.16,Online
ORD-00780,CUST-0182,PROD-0197,2023-02-17,3,760.85,0.0,2282.55,584.49,
ORD-00781,CUST-0437,PROD-0177,2024-06-11,2,389.57,0.0,779.14,210.18,Online
ORD-00782,CUST-0485,PROD-0113,2024-04-13,6,109.75,0.05,625.57,343.09,Partner
ORD-00783,CUST-0401,PROD-0157,2024-09-16,3,764.76,0.15,1950.14,403.7,Direct Sales
ORD-00784,CUST-0022,PROD-0130,2023-04-18,1,128.73,0.0,128.73,52.58,Online
ORD-00785,CUST-0186,PROD-0041,2023-10-27,3,211.3,0.05,602.21,199.19,Retail Store
ORD-00786,CUST-0446,PROD-0026,2023-06-07,2,1321.87,0.0,2643.74,667.56,Online
ORD-00787,CUST-0435,PROD-0052,2024-03-25,6,580.09,0.05,3306.51,830.85,Online
ORD-00788,CUST-0428,PROD-0208,2024-04-30,1,614.79,0.0,614.79,330.64,Online
ORD-00789,CUST-0191,PROD-0184,2024-02-29,1,672.78,0.05,639.14,339.25,Online
ORD-00790,CUST-0386,PROD-0136,2024-03-07,3,113.02,0.0,339.06,178.11,Online
ORD-00791,CUST-0471,PROD-0105,2024-04-14,6,119.81,0.0,718.86,298.56,Retail Store
ORD-00792,CUST-0484,PROD-0008,2024-03-29,1,1126.0,0.0,1126.0,606.44,Direct Sales
ORD-00793,CUST-0484,PROD-0018,2023-03-28,1,167.7,0.0,167.7,91.82,Direct Sales
ORD-00794,CUST-0223,PROD-0016,2024-02-07,3,843.28,0.05,2403.35,723.14,Retail Store
ORD-00795,CUST-0463,PROD-0148,2023-03-01,6,12.9,0.2,61.92,20.46,Direct Sales
ORD-00796,CUST-0449,PROD-0134,2023-10-30,2,219.86,0.1,395.75,164.39,Direct Sales
ORD-00797,CUST-0448,PROD-0078,2023-11-18,5,874.54,0.0,4372.7,1574.8,Online
ORD-00798,CUST-0271,PROD-0157,2023-05-31,3,764.76,0.0,2294.28,747.84,Online
ORD-00799,CUST-0279,PROD-0160,2024-09-25,3,422.11,0.05,1203.01,671.92,Direct Sales
ORD-00800,CUST-0401,PROD-0167,2024-02-19,3,683.63,0.1,1845.8,628.43,Online
ORD-00801,CUST-0276,PROD-0086,2024-02-04,3,233.7,0.05,666.04,341.44,Online
ORD-00802,CUST-0277,PROD-0073,2023-08-07,1,1213.24,0.0,1213.24,425.74,Retail Store
ORD-00803,CUST-0388,PROD-0163,2023-06-13,1,162.56,0.1,146.3,32.49,Retail Store
ORD-00804,CUST-0133,PROD-0062,2023-11-08,650,755.93,0.2,393083.6,137579.26,Online
ORD-00805,CUST-0031,PROD-0216,2024-01-17,1,878.16,0.0,878.16,281.26,Online
ORD-00806,CUST-0388,PROD-0167,2023-05-08,2,683.63,0.0,1367.26,555.68,Online
ORD-00807,CUST-0174,PROD-0061,2024-08-18,2,1008.3,0.1,1814.94,740.62,Retail Store
ORD-00808,CUST-0274,PROD-0217,2024-09-01,1,244.66,0.0,244.66,132.23,Retail Store
ORD-00809,CUST-0418,PROD-0184,2024-08-09,3,672.78,0.05,1917.42,1017.75,Retail Store
ORD-00810,CUST-0127,PROD-0027,2023-12-02,2,830.96,0.0,1661.92,983.92,Direct Sales
ORD-00811,CUST-0233,PROD-0026,2023-05-31,3,1321.87,0.1,3569.05,604.78,Online
ORD-00812,CUST-0032,PROD-0109,2023-05-14,2,110.38,0.0,220.76,118.1,Online
ORD-00813,CUST-0270,PROD-0104,2024-08-25,2,201.04,0.05,381.98,145.6,Direct Sales
ORD-00814,CUST-0300,PROD-0128,2024-10-13,2,149.67,0.0,299.34,169.84,Partner
ORD-00815,CUST-0251,PROD-0188,2024-03-02,4,666.26,0.0,2665.04,1571.52,Online
ORD-00816,CUST-0365,PROD-0118,2023-05-13,6,219.95,0.0,1319.7,393.6,Retail Store
ORD-00817,CUST-0356,PROD-0055,2024-04-11,2,390.58,0.05,742.1,174.3,Partner
ORD-00818,CUST-0190,PROD-0236,2023-05-02,2,816.26,0.0,1632.52,894.84,Online
ORD-00819,CUST-0293,PROD-0075,2023-02-11,2,591.08,0.0,1182.16,523.58,Online
ORD-00820,CUST-0192,PROD-0078,2023-10-29,2,874.54,0.05,1661.63,542.47,Online
ORD-00821,CUST-0302,PROD-0108,2023-02-19,5,85.16,0.0,425.8,199.85,Online
ORD-00822,CUST-0094,PROD-0210,2024-05-15,1,1147.12,0.0,1147.12,431.46,Online
ORD-00823,CUST-0023,PROD-0107,2024-05-07,2,205.3,0.0,410.6,158.06,Partner
ORD-00824,CUST-0401,PROD-0097,2024-05-01,4,240.81,0.1,866.92,433.88,Online
ORD-00825,CUST-0071,PROD-0130,2024-10-13,2,128.73,0.0,257.46,105.16,Online
ORD-00826,CUST-0444,PROD-0187,2023-11-30,1,656.67,0.05,623.84,144.6,Retail Store
ORD-00827,CUST-0199,PROD-0060,2024-02-09,1,731.78,0.0,731.78,226.98,Retail Store
ORD-00828,CUST-0227,PROD-0189,2023-10-12,2,731.23,0.1,1316.21,502.93,Direct Sales
ORD-00829,CUST-0293,PROD-0162,2023-11-13,2,51.93,0.0,103.86,61.86,Retail Store
ORD-00830,CUST-0099,PROD-0245,2024-09-25,2,1449.7,0.05,2754.43,1528.09,Partner
ORD-00831,CUST-0268,PROD-0049,2024-05-02,2,1407.36,0.0,2814.72,1363.86,Retail Store
ORD-00832,CUST-0273,PROD-0047,2023-01-20,1,220.02,0.0,220.02,61.6,Direct Sales
ORD-00833,CUST-0430,PROD-0228,2024-08-16,2,1050.05,0.1,1890.09,432.03,Retail Store
ORD-00834,CUST-0206,PROD-0151,2023-02-16,2,521.43,0.15,886.43,317.65,Online
ORD-00835,CUST-0093,PROD-0107,2023-01-25,4,205.3,0.0,821.2,316.12,Online
ORD-00836,CUST-0059,PROD-0026,2024-07-08,1,1321.87,0.0,1321.87,333.78,Online
ORD-00837,CUST-0046,PROD-0040,2023-11-11,6,631.56,0.05,3599.89,1487.59,Online
ORD-00838,CUST-0493,PROD-0084,2023-07-05,1,52.63,0.0,52.63,18.04,Online
ORD-00839,CUST-0164,PROD-0037,2024-02-27,4,1033.31,0.0,4133.24,2264.08,Partner
ORD-00840,CUST-0461,PROD-0031,2023-02-23,1,223.27,0.05,212.11,119.0,Retail Store
ORD-00841,CUST-0253,PROD-0131,2024-05-31,1,126.48,0.0,126.48,73.75,Online
ORD-00842,CUST-0238,PROD-0142,2024-02-21,1,157.86,0.0,157.86,45.18,Retail Store
ORD-00843,CUST-0468,PROD-0227,2023-01-20,1,282.46,0.15,240.09,61.05,Retail Store
ORD-00844,CUST-0127,PROD-0196,2024-07-22,3,542.65,0.0,1627.95,511.65,Retail Store
ORD-00845,CUST-0229,PROD-0022,2024-10-13,2,1139.04,0.05,2164.18,1202.12,Online
ORD-00846,CUST-0277,PROD-0044,2023-09-09,2,349.83,0.0,699.66,195.86,Partner
ORD-00847,CUST-0232,PROD-0011,2023-01-02,4,714.36,0.15,2428.82,712.9,Retail Store
ORD-00848,CUST-0335,PROD-0249,2023-06-21,1,869.45,0.15,739.03,98.96,Retail Store
ORD-00849,CUST-0307,PROD-0065,2024-11-27,1,185.57,0.0,185.57,109.21,Retail Store
ORD-00850,CUST-0300,PROD-0216,2024-06-06,1,878.16,0.0,878.16,281.26,Retail Store
ORD-00851,CUST-0036,PROD-0077,2023-04-02,1,540.69,0.0,540.69,308.39,Online
ORD-00852,CUST-0285,PROD-0072,2024-03-18,1,613.11,0.0,613.11,202.17,Direct Sales
ORD-00853,CUST-0453,PROD-0175,2023-12-17,2,345.76,0.2,553.22,261.54,Direct Sales
ORD-00854,CUST-0140,PROD-0063,2024-11-09,8,1193.81,0.0,9550.48,3964.8,Retail Store
ORD-00855,CUST-0307,PROD-0085,2023-01-17,5,148.21,0.0,741.05,232.85,Partner
ORD-00856,CUST-0312,PROD-0122,2023-01-05,5,244.96,0.05,1163.56,265.36,Online
ORD-00857,CUST-0459,PROD-0179,2024-12-21,2,627.75,0.0,1255.5,549.7,Online
ORD-00858,CUST-0449,PROD-0167,2024-10-28,1,683.63,0.0,683.63,277.84,Direct Sales
ORD-00859,CUST-0344,PROD-0114,2024-11-19,1,62.93,0.2,50.34,18.81,Online
ORD-00860,CUST-0308,PROD-0092,2024-02-01,1,229.46,0.05,217.99,72.82,Retail Store
ORD-00861,CUST-0005,PROD-0032,2024-04-18,1,142.82,0.0,142.82,46.9,Online
ORD-00862,CUST-0381,PROD-0006,2023-10-15,3,851.49,0.05,2426.75,986.51,Online
ORD-00863,CUST-0418,PROD-0158,2024-10-02,1,612.33,0.05,581.71,179.7,Online
ORD-00864,CUST-0253,PROD-0248,2024-01-07,1,968.61,0.0,968.61,365.75,Direct Sales
ORD-00865,CUST-0311,PROD-0054,2023-01-08,1,1165.36,0.1,1048.82,294.24,Online
ORD-00866,CUST-0446,PROD-0072,2024-08-05,2,613.11,0.0,1226.22,404.34,Online
ORD-00867,CUST-0379,PROD-0145,2024-11-19,3,175.71,0.0,527.13,260.64,Online
ORD-00868,CUST-0066,PROD-0191,2023-03-08,1,337.26,0.15,286.67,75.91,Direct Sales
ORD-00869,CUST-0452,PROD-0134,2023-10-08,1,219.86,0.05,208.87,93.19,Partner
ORD-00870,CUST-0355,PROD-0174,2024-06-29,2,329.37,0.05,625.8,342.72,Direct Sales
ORD-00871,CUST-0002,PROD-0241,2024-03-13,2,687.62,0.15,1168.95,236.85,Online
ORD-00872,CUST-0481,PROD-0083,2024-03-18,4,243.81,0.0,975.24,261.8,Online
ORD-00873,CUST-0266,PROD-0120,2024-05-22,1,216.65,0.05,205.82,72.44,Direct Sales
ORD-00874,CUST-0115,PROD-0013,2023-10-12,5,1054.22,0.0,5271.1,1889.15,Online
ORD-00875,CUST-0201,PROD-0050,2023-12-09,1,889.1,0.0,889.1,428.42,Online
ORD-00876,CUST-0378,PROD-0058,2024-12-07,2,1224.76,0.0,2449.52,1342.06,Online
ORD-00877,CUST-0085,PROD-0085,2023-11-15,1,148.21,0.05,140.8,39.16,Online
ORD-00878,CUST-0222,PROD-0207,2023-01-25,2,1442.15,0.05,2740.09,1361.01,Online
ORD-00879,CUST-0129,PROD-0064,2023-04-21,2,406.27,0.15,690.66,288.54,Direct Sales
ORD-00880,CUST-0421,PROD-0086,2024-06-16,3,233.7,0.15,595.93,271.33,Direct Sales
ORD-00881,CUST-0318,PROD-0113,2023-04-08,2,109.75,0.0,219.5,125.34,Online
ORD-00882,CUST-0032,PROD-0235,2023-02-04,1,1660.83,0.1,1494.75,823.23,Retail Store
ORD-00883,CUST-0401,PROD-0033,2023-03-05,5,795.53,0.0,3977.65,1942.6,Online
ORD-00884,CUST-0321,PROD-0111,2023-03-09,1,85.5,0.0,85.5,40.56,Online
ORD-00885,CUST-0436,PROD-0098,2024-02-16,1,198.22,0.05,188.31,102.25,Online
ORD-00886,CUST-0307,PROD-0202,2024-11-06,2,458.46,0.0,916.92,508.28,Retail Store
ORD-00887,CUST-0220,PROD-0226,2024-09-27,2,901.3,0.0,1802.6,938.82,Partner
ORD-00888,CUST-0401,PROD-0007,2024-04-09,2,1228.52,0.0,2457.04,856.26,Online
ORD-00889,CUST-0007,PROD-0153,2023-03-11,2,656.05,0.1,1180.89,476.61,Partner
ORD-00890,CUST-0065,PROD-0164,2024-06-05,1,541.78,0.0,541.78,277.99,Direct Sales
ORD-00891,CUST-0228,PROD-0048,2023-09-06,1,524.35,0.0,524.35,311.63,Online
ORD-00892,CUST-0300,PROD-0112,2024-06-09,6,56.83,0.05,323.93,109.61,Online
ORD-00893,CUST-0454,PROD-0139,2023-05-30,1,34.58,0.0,34.58,19.09,Online
ORD-00894,CUST-0189,PROD-0249,2023-01-09,2,869.45,0.05,1651.95,371.81,Online
ORD-00895,CUST-0122,PROD-0130,2024-07-26,4,128.73,0.0,514.92,210.32,Online
ORD-00896,CUST-0103,PROD-0164,2023-07-26,3,541.78,0.0,1625.34,833.97,Retail Store
ORD-00897,CUST-0356,PROD-0178,2024-04-23,2,166.56,0.0,333.12,145.54,Retail Store
ORD-00898,CUST-0494,PROD-0086,2024-09-22,1,233.7,0.0,233.7,125.5,Online
ORD-00899,CUST-0449,PROD-0203,2023-02-13,2,220.05,0.15,374.09,175.29,Retail Store
ORD-00900,CUST-0355,PROD-0059,2024-04-22,2,960.09,0.0,1920.18,1099.0,Direct Sales
ORD-00901,CUST-0488,PROD-0209,2023-12-06,4,1790.4,0.0,7161.6,1877.68,Online
ORD-00902,CUST-0423,PROD-0002,2024-01-07,1,895.27,0.0,895.27,251.01,Retail Store
ORD-00903,CUST-0073,PROD-0075,2024-03-26,1,591.08,0.0,591.08,261.79,Direct Sales
ORD-00904,CUST-0023,PROD-0250,2023-01-31,1,1622.75,0.0,1622.75,548.27,Online
ORD-00905,CUST-0135,PROD-0185,2023-06-28,1,753.18,0.0,753.18,297.4,Online
ORD-00906,CUST-0012,PROD-0046,2023-09-26,5,742.08,0.0,3710.4,1079.8,Retail Store
ORD-00907,CUST-0195,PROD-0168,2023-04-24,1,638.38,0.0,638.38,328.83,Retail Store
ORD-00908,CUST-0190,PROD-0208,2024-01-17,3,614.79,0.15,1567.71,715.26,Partner
ORD-00909,CUST-0320,PROD-0226,2024-03-20,4,901.3,0.0,3605.2,1877.64,Online
ORD-00910,CUST-0474,PROD-0034,2023-07-14,1,1177.0,0.0,1177.0,300.14,Online
ORD-00911,CUST-0307,PROD-0110,2024-10-13,1,230.6,0.0,230.6,124.89,Retail Store
ORD-00912,CUST-0097,PROD-0219,2024-07-02,1,1218.11,0.0,1218.11,471.94,Online
ORD-00913,CUST-0323,PROD-0204,2023-10-14,4,1565.92,0.1,5637.31,1026.03,Partner
ORD-00914,CUST-0454,PROD-0126,2023-08-03,3,160.68,0.05,457.94,131.06,Direct Sales
ORD-00915,CUST-0315,PROD-0017,2023-06-21,2,1198.07,0.05,2276.33,548.63,Retail Store
ORD-00916,CUST-0261,PROD-0096,2024-05-25,2,175.7,0.0,351.4,151.46,Direct Sales
ORD-00917,CUST-0270,PROD-0178,2024-05-09,3,166.56,0.0,499.68,218.31,Online
ORD-00918,CUST-0206,PROD-0164,2024-08-20,2,541.78,0.0,1083.56,555.98,Direct Sales
ORD-00919,CUST-0232,PROD-0221,2023-08-29,1,619.63,0.0,619.63,350.98,Direct Sales
ORD-00920,CUST-0293,PROD-0041,2024-01-19,1,211.3,0.0,211.3,76.96,Direct Sales
ORD-00921,CUST-0152,PROD-0114,2024-06-15,1,62.93,0.0,62.93,31.4,Retail Store
ORD-00922,CUST-0319,PROD-0087,2024-03-12,2,238.72,0.0,477.44,213.2,Online
ORD-00923,CUST-0255,PROD-0082,2023-10-07,1,101.17,0.0,101.17,45.45,Online
ORD-00924,CUST-0331,PROD-0020,2024-01-03,5,804.73,0.0,4023.65,1770.9,Retail Store
ORD-00925,CUST-0280,PROD-0165,2023-03-22,3,108.42,0.15,276.47,89.21,Online
ORD-00926,CUST-0037,PROD-0093,2023-02-09,2,20.63,0.0,41.26,18.98,Retail Store
ORD-00927,CUST-0129,PROD-0078,2024-11-30,4,874.54,0.0,3498.16,1259.84,Retail Store
ORD-00928,CUST-0071,PROD-0219,2024-07-10,5,1218.11,0.0,6090.55,2359.7,Online
ORD-00929,CUST-0422,PROD-0089,2024-02-18,5,68.09,0.1,306.41,76.21,Direct Sales
ORD-00930,CUST-0007,PROD-0121,2024-10-31,2,59.67,0.05,113.37,53.89,Online
ORD-00931,CUST-0204,PROD-0059,2023-08-21,3,960.09,0.0,2880.27,1648.5,Online
ORD-00932,CUST-0301,PROD-0202,2024-07-19,3,458.46,0.05,1306.61,693.65,Retail Store
ORD-00933,CUST-0406,PROD-0022,2023-11-17,4,1139.04,0.0,4556.16,2632.04,Partner
ORD-00934,CUST-0214,PROD-0054,2024-03-25,2,1165.36,0.0,2330.72,821.56,Online
ORD-00935,CUST-0296,PROD-0224,2023-05-12,1,638.03,0.05,606.13,262.16,Retail Store
ORD-00936,CUST-0338,PROD-0214,2023-12-30,1,825.02,0.0,825.02,446.98,Retail Store
ORD-00937,CUST-0207,PROD-0196,2024-12-08,2,542.65,0.0,1085.3,341.1,Online
ORD-00938,CUST-0403,PROD-0009,2023-05-23,1,986.99,0.15,838.94,305.68,Online
ORD-00939,CUST-0323,PROD-0205,2024-09-09,5,685.42,0.0,3427.1,1669.3,Online
ORD-00940,CUST-0196,PROD-0053,2024-02-05,1,1439.28,0.0,1439.28,451.5,Retail Store
ORD-00941,CUST-0169,PROD-0146,2024-04-07,2,55.28,0.0,110.56,36.0,Online
ORD-00942,CUST-0346,PROD-0142,2023-07-01,1,157.86,0.05,149.97,37.29,Retail Store
ORD-00943,CUST-0096,PROD-0051,2023-03-13,5,1246.66,0.0,6233.3,3372.95,Online
ORD-00944,CUST-0150,PROD-0169,2024-06-20,1,629.46,0.0,629.46,179.3,Retail Store
ORD-00945,CUST-0088,PROD-0084,2024-02-25,1,52.63,0.2,42.1,7.51,Online
ORD-00946,CUST-0215,PROD-0123,2023-03-12,1,173.03,0.15,147.08,30.29,Online
ORD-00947,CUST-0446,PROD-0053,2023-11-14,2,1439.28,0.05,2734.63,759.07,Retail Store
ORD-00948,CUST-0310,PROD-0148,2023-11-14,2,12.9,0.0,25.8,11.98,Retail Store
ORD-00949,CUST-0142,PROD-0052,2023-01-08,8,580.09,0.0,4640.72,1339.84,Direct Sales
ORD-00950,CUST-0310,PROD-0207,2023-09-10,2,1442.15,0.15,2451.66,1072.58,Direct Sales
ORD-00951,CUST-0236,PROD-0119,2024-08-12,1,248.55,0.0,248.55,78.6,Retail Store
ORD-00952,CUST-0471,PROD-0117,2023-12-22,3,141.12,0.05,402.19,109.84,Online
ORD-00953,CUST-0314,PROD-0211,2023-06-29,2,519.83,0.0,1039.66,266.32,Retail Store
ORD-00954,CUST-0222,PROD-0118,2024-01-29,5,219.95,0.0,1099.75,328.0,Retail Store
ORD-00955,CUST-0202,PROD-0179,2023-02-14,1,627.75,0.1,564.98,212.08,Online
ORD-00956,CUST-0322,PROD-0138,2023-10-26,3,216.48,0.0,649.44,337.62,Direct Sales
ORD-00957,CUST-0462,PROD-0056,2024-05-20,2,766.15,0.05,1455.68,836.4,Online
ORD-00958,CUST-0189,PROD-0020,2023-04-18,2,804.73,0.05,1528.99,627.89,Online
ORD-00959,CUST-0085,PROD-0065,2023-08-01,2,185.57,0.0,371.14,218.42,Online
ORD-00960,CUST-0356,PROD-0173,2024-04-17,1,259.87,0.05,246.88,121.88,Direct Sales
ORD-00961,CUST-0204,PROD-0010,2023-01-11,1,342.39,0.05,325.27,157.06,Online
ORD-00962,CUST-0344,PROD-0192,2024-04-20,2,651.63,0.0,1303.26,330.64,Retail Store
ORD-00963,CUST-0125,PROD-0183,2024-03-24,1,462.59,0.1,416.33,214.79,Direct Sales
ORD-00964,CUST-0088,PROD-0215,2023-01-19,2,290.4,0.0,580.8,251.0,Online
ORD-00965,CUST-0380,PROD-0101,2023-06-22,1,48.43,0.05,46.01,22.71,Retail Store
ORD-00966,CUST-0079,PROD-0113,2024-01-02,1,109.75,0.05,104.26,57.18,Direct Sales
ORD-00967,CUST-0273,PROD-0056,2024-03-28,3,766.15,0.1,2068.61,1139.69,Direct Sales
ORD-00968,CUST-0329,PROD-0170,2024-11-06,4,749.3,0.0,2997.2,1230.24,Online
ORD-00969,CUST-0027,PROD-0154,2023-01-05,1,532.37,0.0,532.37,237.91,Online
ORD-00970,CUST-0128,PROD-0096,2023-09-02,1,175.7,0.0,175.7,75.73,Online
ORD-00971,CUST-0008,PROD-0087,2023-07-16,3,238.72,0.0,716.16,319.8,Partner
ORD-00972,CUST-0050,PROD-0205,2024-11-11,1,685.42,0.0,685.42,333.86,Online
ORD-00973,CUST-0056,PROD-0209,2023-12-01,1,1790.4,0.05,1700.88,379.9,Retail Store
ORD-00974,CUST-0479,PROD-0139,2024-02-09,5,34.58,0.0,172.9,95.45,Online
ORD-00975,CUST-0183,PROD-0083,2023-06-27,1,243.81,0.05,231.62,53.26,Online
ORD-00976,CUST-0109,PROD-0118,2023-08-14,1,219.95,0.1,197.95,43.6,Retail Store
ORD-00977,CUST-0189,PROD-0012,2023-03-10,4,1008.23,0.0,4032.92,1986.68,Direct Sales
ORD-00978,CUST-0256,PROD-0027,2024-07-03,3,830.96,0.15,2118.95,1101.95,Retail Store
ORD-00979,CUST-0129,PROD-0246,2023-04-08,2,1597.28,0.2,2555.65,1245.45,Retail Store
ORD-00980,CUST-0348,PROD-0237,2024-12-11,1,297.47,0.0,297.47,97.32,Direct Sales
ORD-00981,CUST-0353,PROD-0082,2024-11-13,2,101.17,0.0,202.34,90.9,Retail Store
ORD-00982,CUST-0300,PROD-0115,2024-01-27,2,188.2,0.05,357.58,192.1,Retail Store
ORD-00983,CUST-0361,PROD-0004,2023-08-27,1,783.45,0.05,744.28,190.49,Online
ORD-00984,CUST-0122,PROD-0189,2024-03-14,3,731.23,0.05,2084.01,864.09,Online
ORD-00985,CUST-0192,PROD-0128,2023-10-31,1,149.67,0.0,149.67,84.92,Retail Store
ORD-00986,CUST-0122,PROD-0237,2024-09-04,8,297.47,0.0,2379.76,778.56,Direct Sales
ORD-00987,CUST-0069,PROD-0072,2023-11-22,2,613.11,0.05,1164.91,343.03,Retail Store
ORD-00988,CUST-0213,PROD-0166,2023-10-23,3,436.83,0.0,1310.49,602.4,Direct Sales
ORD-00989,CUST-0176,PROD-0063,2023-07-30,2,1193.81,0.15,2029.48,633.06,Retail Store
ORD-00990,CUST-0128,PROD-0206,2024-12-04,3,938.5,0.0,2815.5,1376.64,Direct Sales
ORD-00991,CUST-0267,PROD-0083,2023-07-07,2,243.81,0.0,487.62,130.9,Direct Sales
ORD-00992,CUST-0036,PROD-0245,2023-07-17,1,1449.7,0.2,1159.76,546.59,Partner
ORD-00993,CUST-0065,PROD-0024,2023-06-27,2,272.31,0.1,490.16,200.94,Partner
ORD-00994,CUST-0121,PROD-0130,2023-03-22,2,128.73,0.0,257.46,105.16,Online
ORD-00995,CUST-0102,PROD-0063,2024-03-10,1,1193.81,0.0,1193.81,495.6,Online
ORD-00996,CUST-0230,PROD-0248,2024-10-12,1,968.61,0.1,871.75,268.89,Retail Store
ORD-00997,CUST-0487,PROD-0249,2024-01-04,1,869.45,0.0,869.45,229.38,Online
ORD-00998,CUST-0259,PROD-0157,2024-03-19,3,764.76,0.1,2064.85,518.41,Direct Sales
ORD-00999,CUST-0011,PROD-0196,2024-01-26,2,542.65,0.0,1085.3,341.1,Partner
ORD-01000,CUST-0154,PROD-0153,2024-07-04,1,656.05,0.05,623.25,271.11,Online
